price_id,product_code,unit_price,effective_from,effective_to,created_at
1,000214004000000,2305555.56,2025-01-02,,2026-05-26 16:47:27.716285+07:00
2,000333002022000,3509259.26,2025-01-06,,2026-05-26 16:47:27.716285+07:00
3,000224002004000,2398148.15,2025-01-06,,2026-05-26 16:47:27.716285+07:00
4,000217003001000,2453703.70,2025-01-06,,2026-05-26 16:47:27.716285+07:00
5,000217002007000,2212962.96,2025-01-07,,2026-05-26 16:47:27.716285+07:00
6,000225002015000,1898148.00,2025-01-07,,2026-05-26 16:47:27.716285+07:00
7,000226003015000,2037037.00,2025-01-07,,2026-05-26 16:47:27.716285+07:00
8,1000300050010000,2943055.56,2025-01-08,,2026-05-26 16:47:27.716285+07:00
9,000207004000000,1498611.11,2025-01-08,,2026-05-26 16:47:27.716285+07:00
10,000401002016002,1516666.67,2025-01-08,,2026-05-26 16:47:27.716285+07:00
11,000131002007000,1197685.19,2025-01-08,,2026-05-26 16:47:27.716285+07:00
12,1030010000080000,1289814.81,2025-01-08,,2026-05-26 16:47:27.716285+07:00
13,000224002004000,1558796.30,2025-01-08,,2026-05-26 16:47:27.716285+07:00
14,000214004000000,1498611.11,2025-01-08,,2026-05-26 16:47:27.716285+07:00
15,000225002004000,1618981.48,2025-01-08,,2026-05-26 16:47:27.716285+07:00
16,000226003015000,1685185.19,2025-01-08,,2026-05-26 16:47:27.716285+07:00
17,000217003001000,1594907.41,2025-01-08,,2026-05-26 16:47:27.716285+07:00
18,000331002004000,1799537.04,2025-01-08,,2026-05-26 16:47:27.716285+07:00
19,1000210020090000,470000.00,2025-01-09,,2026-05-26 16:47:27.716285+07:00
20,1040010000080000,1231481.48,2025-01-09,,2026-05-26 16:47:27.716285+07:00
21,1000220020090000,500000.00,2025-01-09,,2026-05-26 16:47:27.716285+07:00
22,000117002023000,500000.00,2025-01-09,,2026-05-26 16:47:27.716285+07:00
23,000218002007000,2305555.56,2025-01-09,,2026-05-26 16:47:27.716285+07:00
24,1000270020220000,500000.00,2025-01-09,,2026-05-26 16:47:27.716285+07:00
25,1000270020150000,500000.00,2025-01-09,,2026-05-26 16:47:27.716285+07:00
26,000218004005000,3324074.07,2025-01-09,,2026-05-26 16:47:27.716285+07:00
27,000224002004000,2222222.22,2025-01-09,,2026-05-26 16:47:27.716285+07:00
28,000225002009000,1180000.00,2025-01-10,,2026-05-26 16:47:27.716285+07:00
29,000225002002000,1180000.00,2025-01-10,,2026-05-26 16:47:27.716285+07:00
30,000225002023000,1180000.00,2025-01-10,,2026-05-26 16:47:27.716285+07:00
31,000331002022000,1250000.00,2025-01-10,,2026-05-26 16:47:27.716285+07:00
32,000216003001000,1200000.00,2025-01-10,,2026-05-26 16:47:27.716285+07:00
33,000225002025000,1180000.00,2025-01-10,,2026-05-26 16:47:27.716285+07:00
34,000226003023000,1200000.00,2025-01-10,,2026-05-26 16:47:27.716285+07:00
35,000224002023000,1130000.00,2025-01-10,,2026-05-26 16:47:27.716285+07:00
36,000226003015000,1200000.00,2025-01-10,,2026-05-26 16:47:27.716285+07:00
37,000401002022000,1300000.00,2025-01-10,,2026-05-26 16:47:27.716285+07:00
38,000224002002000,1130000.00,2025-01-10,,2026-05-26 16:47:27.716285+07:00
39,000224002009000,1130000.00,2025-01-10,,2026-05-26 16:47:27.716285+07:00
40,000226003002000,1200000.00,2025-01-10,,2026-05-26 16:47:27.716285+07:00
41,000330002001000,1200000.00,2025-01-10,,2026-05-26 16:47:27.716285+07:00
42,000224002015000,1130000.00,2025-01-10,,2026-05-26 16:47:27.716285+07:00
43,000224002026000,1130000.00,2025-01-10,,2026-05-26 16:47:27.716285+07:00
44,000125002009000,1050000.00,2025-01-10,,2026-05-26 16:47:27.716285+07:00
45,000125002013000,1050000.00,2025-01-10,,2026-05-26 16:47:27.716285+07:00
46,000333002001000,1300000.00,2025-01-10,,2026-05-26 16:47:27.716285+07:00
47,000333002022000,1300000.00,2025-01-10,,2026-05-26 16:47:27.716285+07:00
48,000226003014000,1200000.00,2025-01-10,,2026-05-26 16:47:27.716285+07:00
49,000314002005000,1200000.00,2025-01-10,,2026-05-26 16:47:27.716285+07:00
50,000214004000000,1250000.00,2025-01-10,,2026-05-26 16:47:27.716285+07:00
51,000216003008000,1200000.00,2025-01-10,,2026-05-26 16:47:27.716285+07:00
52,000218003001000,1270000.00,2025-01-10,,2026-05-26 16:47:27.716285+07:00
53,000218003005000,1270000.00,2025-01-10,,2026-05-26 16:47:27.716285+07:00
54,000226003015000,2592592.59,2025-01-10,,2026-05-26 16:47:27.716285+07:00
55,000225002007000,2490740.74,2025-01-10,,2026-05-26 16:47:27.716285+07:00
56,000225002015000,1180000.00,2025-01-10,,2026-05-26 16:47:27.716285+07:00
57,000125002002000,1050000.00,2025-01-10,,2026-05-26 16:47:27.716285+07:00
58,1000240020090000,500000.00,2025-01-10,,2026-05-26 16:47:27.716285+07:00
59,1000240020220000,500000.00,2025-01-10,,2026-05-26 16:47:27.716285+07:00
60,1000230020090000,470000.00,2025-01-10,,2026-05-26 16:47:27.716285+07:00
61,1000220020220000,500000.00,2025-01-10,,2026-05-26 16:47:27.716285+07:00
62,000218003008000,1270000.00,2025-01-10,,2026-05-26 16:47:27.716285+07:00
63,000217003001000,1250000.00,2025-01-10,,2026-05-26 16:47:27.716285+07:00
64,000217003005000,1250000.00,2025-01-10,,2026-05-26 16:47:27.716285+07:00
65,1000300050080000,2150000.00,2025-01-10,,2026-05-26 16:47:27.716285+07:00
66,000217003008000,1250000.00,2025-01-10,,2026-05-26 16:47:27.716285+07:00
67,1000300050010000,2150000.00,2025-01-10,,2026-05-26 16:47:27.716285+07:00
68,1000330010240000,1490092.59,2025-01-11,,2026-05-26 16:47:27.716285+07:00
69,1040010000080000,1490092.59,2025-01-11,,2026-05-26 16:47:27.716285+07:00
70,1000210020090000,1062314.81,2025-01-11,,2026-05-26 16:47:27.716285+07:00
71,1000250020220000,1133611.11,2025-01-11,,2026-05-26 16:47:27.716285+07:00
72,1000270020220000,1133611.11,2025-01-11,,2026-05-26 16:47:27.716285+07:00
73,1000220020090000,1133611.11,2025-01-11,,2026-05-26 16:47:27.716285+07:00
74,1000340010090000,1418796.30,2025-01-11,,2026-05-26 16:47:27.716285+07:00
75,000217004005000,2488240.74,2025-01-11,,2026-05-26 16:47:27.716285+07:00
76,000123002009000,1561388.89,2025-01-11,,2026-05-26 16:47:27.716285+07:00
77,000231003002000,2844722.22,2025-01-11,,2026-05-26 16:47:27.716285+07:00
78,000330002002200,1917870.37,2025-01-11,,2026-05-26 16:47:27.716285+07:00
79,1000320010090000,1703981.48,2025-01-11,,2026-05-26 16:47:27.716285+07:00
80,000124002009000,1775277.78,2025-01-11,,2026-05-26 16:47:27.716285+07:00
81,1000270020150000,1133611.11,2025-01-11,,2026-05-26 16:47:27.716285+07:00
82,1000250020050000,1133611.11,2025-01-11,,2026-05-26 16:47:27.716285+07:00
83,000217003005000,1846574.07,2025-01-11,,2026-05-26 16:47:27.716285+07:00
84,000304002004000,1960648.15,2025-01-11,,2026-05-26 16:47:27.716285+07:00
85,000131002007000,1418796.30,2025-01-11,,2026-05-26 16:47:27.716285+07:00
86,000225002004000,1917870.37,2025-01-11,,2026-05-26 16:47:27.716285+07:00
87,000226003015000,1996296.30,2025-01-11,,2026-05-26 16:47:27.716285+07:00
88,000217004008000,2488240.74,2025-01-11,,2026-05-26 16:47:27.716285+07:00
89,000217003001000,1846574.07,2025-01-11,,2026-05-26 16:47:27.716285+07:00
90,000314002020000,2488240.74,2025-01-11,,2026-05-26 16:47:27.716285+07:00
91,000225002007000,1917870.37,2025-01-11,,2026-05-26 16:47:27.716285+07:00
92,000218002007000,2175925.92,2025-01-11,,2026-05-26 16:47:27.716285+07:00
93,000331002022000,2076388.88,2025-01-11,,2026-05-26 16:47:27.716285+07:00
94,000331002008000,2076388.88,2025-01-11,,2026-05-26 16:47:27.716285+07:00
95,000227002009000,1846574.07,2025-01-11,,2026-05-26 16:47:27.716285+07:00
96,1000220020220000,1133611.11,2025-01-11,,2026-05-26 16:47:27.716285+07:00
97,000314002019000,2488240.74,2025-01-11,,2026-05-26 16:47:27.716285+07:00
98,000413002001000,1450000.00,2025-01-13,,2026-05-26 16:47:27.716285+07:00
99,000413002003000,1450000.00,2025-01-13,,2026-05-26 16:47:27.716285+07:00
100,000413002022000,1450000.00,2025-01-13,,2026-05-26 16:47:27.716285+07:00
101,000208002007000,1498148.14,2025-01-13,,2026-05-26 16:47:27.716285+07:00
102,000216002007000,1498148.14,2025-01-13,,2026-05-26 16:47:27.716285+07:00
103,000331002008000,1250000.00,2025-01-13,,2026-05-26 16:47:27.716285+07:00
104,100029005020000,3222643.10,2025-01-13,,2026-05-26 16:47:27.716285+07:00
105,000216003005000,1200000.00,2025-01-13,,2026-05-26 16:47:27.716285+07:00
106,000207004000000,1250000.00,2025-01-13,,2026-05-26 16:47:27.716285+07:00
107,100029005001000,3222643.10,2025-01-13,,2026-05-26 16:47:27.716285+07:00
108,000208002007000,1100000.00,2025-01-13,,2026-05-26 16:47:27.716285+07:00
109,000208002023000,1100000.00,2025-01-13,,2026-05-26 16:47:27.716285+07:00
110,000209002025000,1150000.00,2025-01-13,,2026-05-26 16:47:27.716285+07:00
111,1000260020220000,470000.00,2025-01-13,,2026-05-26 16:47:27.716285+07:00
112,000324000180000,1300000.00,2025-01-15,,2026-05-26 16:47:27.716285+07:00
113,000335002001000,1200000.00,2025-01-15,,2026-05-26 16:47:27.716285+07:00
114,000215004000000,1280000.00,2025-01-15,,2026-05-26 16:47:27.716285+07:00
115,000217002001000,1150000.00,2025-01-15,,2026-05-26 16:47:27.716285+07:00
116,000218002001000,1180000.00,2025-01-15,,2026-05-26 16:47:27.716285+07:00
117,000335002013000,1200000.00,2025-01-15,,2026-05-26 16:47:27.716285+07:00
118,000231003002000,1200000.00,2025-01-15,,2026-05-26 16:47:27.716285+07:00
119,1040010000080000,1935185.19,2025-01-16,,2026-05-26 16:47:27.716285+07:00
120,000217003008000,2453703.70,2025-01-16,,2026-05-26 16:47:27.716285+07:00
121,000217003005000,2453703.70,2025-01-16,,2026-05-26 16:47:27.716285+07:00
122,1000270020150000,1148333.00,2025-01-16,,2026-05-26 16:47:27.716285+07:00
123,1000240020090000,1148333.00,2025-01-16,,2026-05-26 16:47:27.716285+07:00
124,000225002007000,1898148.00,2025-01-16,,2026-05-26 16:47:27.716285+07:00
125,000224002004000,1842592.00,2025-01-16,,2026-05-26 16:47:27.716285+07:00
126,1000210020090000,1076111.00,2025-01-16,,2026-05-26 16:47:27.716285+07:00
127,1050010000200000,1759259.00,2025-01-16,,2026-05-26 16:47:27.716285+07:00
128,000123002007000,2027777.78,2025-01-16,,2026-05-26 16:47:27.716285+07:00
129,100028005020000,4066666.67,2025-01-16,,2026-05-26 16:47:27.716285+07:00
130,1000350050220000,4066666.67,2025-01-16,,2026-05-26 16:47:27.716285+07:00
131,000329002004001,2592592.59,2025-01-16,,2026-05-26 16:47:27.716285+07:00
132,000329002005000,2592592.59,2025-01-16,,2026-05-26 16:47:27.716285+07:00
133,000225002004000,1805555.56,2025-01-16,,2026-05-26 16:47:27.716285+07:00
134,000225002015000,1805555.56,2025-01-16,,2026-05-26 16:47:27.716285+07:00
135,000225002007000,1805555.56,2025-01-16,,2026-05-26 16:47:27.716285+07:00
136,000225002002000,1805555.56,2025-01-16,,2026-05-26 16:47:27.716285+07:00
137,000217002003000,2212962.96,2025-01-17,,2026-05-26 16:47:27.716285+07:00
138,000218004008000,1320000.00,2025-01-18,,2026-05-26 16:47:27.716285+07:00
139,000217004008000,1300000.00,2025-01-18,,2026-05-26 16:47:27.716285+07:00
140,000218004005000,1320000.00,2025-01-18,,2026-05-26 16:47:27.716285+07:00
141,000331002004000,1250000.00,2025-01-18,,2026-05-26 16:47:27.716285+07:00
142,000231003005000,1200000.00,2025-01-18,,2026-05-26 16:47:27.716285+07:00
143,000125002023000,1050000.00,2025-01-18,,2026-05-26 16:47:27.716285+07:00
144,000324000040000,1300000.00,2025-01-18,,2026-05-26 16:47:27.716285+07:00
145,000217004005000,1300000.00,2025-01-18,,2026-05-26 16:47:27.716285+07:00
146,000217002007000,1150000.00,2025-01-20,,2026-05-26 16:47:27.716285+07:00
147,000218002007000,1180000.00,2025-01-20,,2026-05-26 16:47:27.716285+07:00
148,000324000040000,3879629.63,2025-01-20,,2026-05-26 16:47:27.716285+07:00
149,1010020000050000,7490740.74,2025-01-20,,2026-05-26 16:47:27.716285+07:00
150,000304002004000,2407407.00,2025-01-21,,2026-05-26 16:47:27.716285+07:00
151,000305002022000,1800000.00,2025-01-21,,2026-05-26 16:47:27.716285+07:00
152,000304002019000,2407407.00,2025-01-21,,2026-05-26 16:47:27.716285+07:00
153,1000270020220000,1388889.00,2025-01-21,,2026-05-26 16:47:27.716285+07:00
154,000231003022000,3472222.00,2025-01-21,,2026-05-26 16:47:27.716285+07:00
155,000231003002000,3472222.00,2025-01-21,,2026-05-26 16:47:27.716285+07:00
156,000217004008000,3055556.00,2025-01-21,,2026-05-26 16:47:27.716285+07:00
157,100029005020000,5453703.70,2025-01-22,,2026-05-26 16:47:27.716285+07:00
158,000305002022000,1354166.67,2025-01-22,,2026-05-26 16:47:27.716285+07:00
159,000131002004005,1197685.19,2025-01-22,,2026-05-26 16:47:27.716285+07:00
160,000330002002200,1618981.48,2025-01-22,,2026-05-26 16:47:27.716285+07:00
161,000131002001002,1197685.19,2025-01-22,,2026-05-26 16:47:27.716285+07:00
162,000331002008000,1799537.04,2025-01-22,,2026-05-26 16:47:27.716285+07:00
163,000224002023000,1558796.30,2025-01-22,,2026-05-26 16:47:27.716285+07:00
164,000224002002000,1558796.30,2025-01-22,,2026-05-26 16:47:27.716285+07:00
165,000225002025000,1618981.48,2025-01-22,,2026-05-26 16:47:27.716285+07:00
166,000225002023000,1618981.48,2025-01-22,,2026-05-26 16:47:27.716285+07:00
167,000209002007000,2212962.96,2025-01-22,,2026-05-26 16:47:27.716285+07:00
168,000330002001000,1618981.48,2025-01-22,,2026-05-26 16:47:27.716285+07:00
169,000216002007000,1100000.00,2025-01-23,,2026-05-26 16:47:27.716285+07:00
170,000216002001000,1100000.00,2025-01-23,,2026-05-26 16:47:27.716285+07:00
171,000225002024000,1180000.00,2025-01-23,,2026-05-26 16:47:27.716285+07:00
172,1000300050080000,4527778.00,2025-01-23,,2026-05-26 16:47:27.716285+07:00
173,000131002008001,1200000.00,2025-01-23,,2026-05-26 16:47:27.716285+07:00
174,000131002004005,1200000.00,2025-01-23,,2026-05-26 16:47:27.716285+07:00
175,000131002001002,1200000.00,2025-01-23,,2026-05-26 16:47:27.716285+07:00
176,000131002019002,1200000.00,2025-01-23,,2026-05-26 16:47:27.716285+07:00
177,1000340010240000,1289814.00,2025-01-24,,2026-05-26 16:47:27.716285+07:00
178,1000340010090000,1289814.00,2025-01-24,,2026-05-26 16:47:27.716285+07:00
179,1000330010090000,1354629.00,2025-01-24,,2026-05-26 16:47:27.716285+07:00
180,000215004000000,1558796.00,2025-01-24,,2026-05-26 16:47:27.716285+07:00
181,000124002024000,1498611.00,2025-01-24,,2026-05-26 16:47:27.716285+07:00
182,000225002025000,1618981.00,2025-01-24,,2026-05-26 16:47:27.716285+07:00
183,000125002023000,1318055.00,2025-01-24,,2026-05-26 16:47:27.716285+07:00
184,000225002015000,1618981.00,2025-01-24,,2026-05-26 16:47:27.716285+07:00
185,000225002023000,1618981.00,2025-01-24,,2026-05-26 16:47:27.716285+07:00
186,000225002002000,1618981.00,2025-01-24,,2026-05-26 16:47:27.716285+07:00
187,000125002013000,1318055.00,2025-01-24,,2026-05-26 16:47:27.716285+07:00
188,000401002016000,1300000.00,2025-02-04,,2026-05-26 16:47:27.716285+07:00
189,000217002001000,2212962.96,2025-02-05,,2026-05-26 16:47:27.716285+07:00
190,000231003022000,3694444.44,2025-02-07,,2026-05-26 16:47:27.716285+07:00
191,000305002001000,1050000.00,2025-02-07,,2026-05-26 16:47:27.716285+07:00
192,000334002001000,1210000.00,2025-02-07,,2026-05-26 16:47:27.716285+07:00
193,000218002001000,2305555.56,2025-02-07,,2026-05-26 16:47:27.716285+07:00
194,1010020010220000,5500000.00,2025-02-07,,2026-05-26 16:47:27.716285+07:00
195,000413002022000,2702314.00,2025-02-07,,2026-05-26 16:47:27.716285+07:00
196,1000350050220000,3304166.00,2025-02-07,,2026-05-26 16:47:27.716285+07:00
197,1000300050200000,2943055.00,2025-02-07,,2026-05-26 16:47:27.716285+07:00
198,000225002009000,1618981.00,2025-02-07,,2026-05-26 16:47:27.716285+07:00
199,000224002023000,1558796.00,2025-02-07,,2026-05-26 16:47:27.716285+07:00
200,1010020010050000,5500000.00,2025-02-07,,2026-05-26 16:47:27.716285+07:00
201,1000310050080000,2150000.00,2025-02-10,,2026-05-26 16:47:27.716285+07:00
202,100035005001000,3003787.00,2025-02-10,,2026-05-26 16:47:27.716285+07:00
203,1000310050010000,2150000.00,2025-02-10,,2026-05-26 16:47:27.716285+07:00
204,1000350050220000,3003787.00,2025-02-10,,2026-05-26 16:47:27.716285+07:00
205,000330002002200,1200000.00,2025-02-10,,2026-05-26 16:47:27.716285+07:00
206,000305002022000,1050000.00,2025-02-10,,2026-05-26 16:47:27.716285+07:00
207,000116002023000,500000.00,2025-02-10,,2026-05-26 16:47:27.716285+07:00
208,1000250020220000,500000.00,2025-02-10,,2026-05-26 16:47:27.716285+07:00
209,000490002007000,1400000.00,2025-02-10,,2026-05-26 16:47:27.716285+07:00
210,000490002004000,1400000.00,2025-02-10,,2026-05-26 16:47:27.716285+07:00
211,000490002009000,1400000.00,2025-02-10,,2026-05-26 16:47:27.716285+07:00
212,1010020010050000,2400000.00,2025-02-10,,2026-05-26 16:47:27.716285+07:00
213,000224002004000,1130000.00,2025-02-10,,2026-05-26 16:47:27.716285+07:00
214,000231003022000,1200000.00,2025-02-10,,2026-05-26 16:47:27.716285+07:00
215,000401002016002,1300000.00,2025-02-10,,2026-05-26 16:47:27.716285+07:00
216,000231003023000,1200000.00,2025-02-10,,2026-05-26 16:47:27.716285+07:00
217,000334002013000,1210000.00,2025-02-10,,2026-05-26 16:47:27.716285+07:00
218,000334002004000,1210000.00,2025-02-10,,2026-05-26 16:47:27.716285+07:00
219,000131002004000,1050000.00,2025-02-10,,2026-05-26 16:47:27.716285+07:00
220,000131002004005,1050000.00,2025-02-10,,2026-05-26 16:47:27.716285+07:00
221,000131002007000,1050000.00,2025-02-10,,2026-05-26 16:47:27.716285+07:00
222,000131002019002,1050000.00,2025-02-10,,2026-05-26 16:47:27.716285+07:00
223,000207004000000,1498611.00,2025-02-10,,2026-05-26 16:47:27.716285+07:00
224,1000260020220000,896759.00,2025-02-10,,2026-05-26 16:47:27.716285+07:00
225,1000230020090000,896759.00,2025-02-10,,2026-05-26 16:47:27.716285+07:00
226,000215004000000,2398148.15,2025-02-10,,2026-05-26 16:47:27.716285+07:00
227,000331002022000,2491666.67,2025-02-10,,2026-05-26 16:47:27.716285+07:00
228,000209002007000,1150000.00,2025-02-10,,2026-05-26 16:47:27.716285+07:00
229,000335002004000,1200000.00,2025-02-10,,2026-05-26 16:47:27.716285+07:00
230,1000300050200000,2150000.00,2025-02-10,,2026-05-26 16:47:27.716285+07:00
231,100028005008000,3003787.88,2025-02-10,,2026-05-26 16:47:27.716285+07:00
232,100035005001000,3003787.88,2025-02-10,,2026-05-26 16:47:27.716285+07:00
233,000225002002000,1898148.00,2025-02-11,,2026-05-26 16:47:27.716285+07:00
234,000331002008000,2768518.52,2025-02-11,,2026-05-26 16:47:27.716285+07:00
235,000226003014000,2037037.00,2025-02-11,,2026-05-26 16:47:27.716285+07:00
236,000324000180000,2909722.00,2025-02-11,,2026-05-26 16:47:27.716285+07:00
237,000226003002000,2037037.00,2025-02-11,,2026-05-26 16:47:27.716285+07:00
238,1000240020220000,1148333.00,2025-02-11,,2026-05-26 16:47:27.716285+07:00
239,000226003023000,2037037.00,2025-02-11,,2026-05-26 16:47:27.716285+07:00
240,000217004022000,2488240.74,2025-02-11,,2026-05-26 16:47:27.716285+07:00
241,000217003005000,1916667.00,2025-02-11,,2026-05-26 16:47:27.716285+07:00
242,1000270020220000,1148333.00,2025-02-11,,2026-05-26 16:47:27.716285+07:00
243,000226003023000,1996296.30,2025-02-11,,2026-05-26 16:47:27.716285+07:00
244,000225002002000,1917870.37,2025-02-11,,2026-05-26 16:47:27.716285+07:00
245,000224002023000,1842592.00,2025-02-11,,2026-05-26 16:47:27.716285+07:00
246,000124002024000,1775277.78,2025-02-11,,2026-05-26 16:47:27.716285+07:00
247,1000260020220000,1062314.81,2025-02-11,,2026-05-26 16:47:27.716285+07:00
248,000209002025000,2212962.96,2025-02-13,,2026-05-26 16:47:27.716285+07:00
249,000217002003000,1150000.00,2025-02-14,,2026-05-26 16:47:27.716285+07:00
250,000209002003000,1150000.00,2025-02-14,,2026-05-26 16:47:27.716285+07:00
251,000122002002000,1050000.00,2025-02-14,,2026-05-26 16:47:27.716285+07:00
252,100029005001000,3222643.00,2025-02-14,,2026-05-26 16:47:27.716285+07:00
253,000122002009000,1050000.00,2025-02-14,,2026-05-26 16:47:27.716285+07:00
254,000122002004000,1050000.00,2025-02-14,,2026-05-26 16:47:27.716285+07:00
255,000122002007000,1050000.00,2025-02-14,,2026-05-26 16:47:27.716285+07:00
256,1000250020050000,500000.00,2025-02-14,,2026-05-26 16:47:27.716285+07:00
257,000208002003000,1100000.00,2025-02-14,,2026-05-26 16:47:27.716285+07:00
258,000324000100000,1300000.00,2025-02-14,,2026-05-26 16:47:27.716285+07:00
259,1000330010240000,1231481.00,2025-02-14,,2026-05-26 16:47:27.716285+07:00
260,000225002004000,1180000.00,2025-02-14,,2026-05-26 16:47:27.716285+07:00
261,000217002001000,2129629.63,2025-02-15,,2026-05-26 16:47:27.716285+07:00
262,1010020010220000,2400000.00,2025-02-17,,2026-05-26 16:47:27.716285+07:00
263,000217004022000,1300000.00,2025-02-17,,2026-05-26 16:47:27.716285+07:00
264,000224002024000,1130000.00,2025-02-17,,2026-05-26 16:47:27.716285+07:00
265,000216002001000,1484259.26,2025-02-17,,2026-05-26 16:47:27.716285+07:00
266,000208002003000,1484259.26,2025-02-17,,2026-05-26 16:47:27.716285+07:00
267,000122002004000,1419444.44,2025-02-17,,2026-05-26 16:47:27.716285+07:00
268,1000310050200000,2150000.00,2025-02-17,,2026-05-26 16:47:27.716285+07:00
269,1060010000200000,1231481.48,2025-02-17,,2026-05-26 16:47:27.716285+07:00
270,1050010000200000,1172558.92,2025-02-17,,2026-05-26 16:47:27.716285+07:00
271,000131002001002,1289814.81,2025-02-17,,2026-05-26 16:47:27.716285+07:00
272,000218002003000,1180000.00,2025-02-19,,2026-05-26 16:47:27.716285+07:00
273,000225002025000,1868055.56,2025-02-19,,2026-05-26 16:47:27.716285+07:00
274,100029005020000,3222643.00,2025-02-19,,2026-05-26 16:47:27.716285+07:00
275,000124002009000,1050000.00,2025-02-20,,2026-05-26 16:47:27.716285+07:00
276,1040010000080000,1231481.00,2025-02-20,,2026-05-26 16:47:27.716285+07:00
277,000227002014000,1200000.00,2025-02-20,,2026-05-26 16:47:27.716285+07:00
278,1050010000200000,1172558.00,2025-02-20,,2026-05-26 16:47:27.716285+07:00
279,1000340010240000,1418796.30,2025-02-21,,2026-05-26 16:47:27.716285+07:00
280,000304002020000,1960648.15,2025-02-21,,2026-05-26 16:47:27.716285+07:00
281,1000330010090000,1490092.59,2025-02-21,,2026-05-26 16:47:27.716285+07:00
282,1030010000080000,1172558.00,2025-02-21,,2026-05-26 16:47:27.716285+07:00
283,000218002001000,1498611.00,2025-02-21,,2026-05-26 16:47:27.716285+07:00
284,000224002015000,1558796.00,2025-02-21,,2026-05-26 16:47:27.716285+07:00
285,000218002007000,1498611.00,2025-02-21,,2026-05-26 16:47:27.716285+07:00
286,1000330010090000,1231481.00,2025-02-22,,2026-05-26 16:47:27.716285+07:00
287,000216002003000,1100000.00,2025-02-22,,2026-05-26 16:47:27.716285+07:00
288,1060010000200000,1231481.00,2025-02-22,,2026-05-26 16:47:27.716285+07:00
289,000413002018000,1450000.00,2025-02-22,,2026-05-26 16:47:27.716285+07:00
290,1010020000050000,2400000.00,2025-02-22,,2026-05-26 16:47:27.716285+07:00
291,1060010000200000,1898148.00,2025-02-22,,2026-05-26 16:47:27.716285+07:00
292,1030010000080000,1759259.00,2025-02-22,,2026-05-26 16:47:27.716285+07:00
293,000225002023000,1898148.00,2025-02-22,,2026-05-26 16:47:27.716285+07:00
294,000224002002000,1842592.00,2025-02-22,,2026-05-26 16:47:27.716285+07:00
295,000224002024000,1842592.00,2025-02-22,,2026-05-26 16:47:27.716285+07:00
296,000209002007000,1881018.52,2025-02-24,,2026-05-26 16:47:27.716285+07:00
297,000217002007000,1881018.52,2025-02-24,,2026-05-26 16:47:27.716285+07:00
298,000125002002000,1318055.00,2025-02-25,,2026-05-26 16:47:27.716285+07:00
299,000125002009000,1318055.00,2025-02-25,,2026-05-26 16:47:27.716285+07:00
300,000305002001000,1354166.00,2025-02-25,,2026-05-26 16:47:27.716285+07:00
301,000214004000000,1498611.00,2025-02-25,,2026-05-26 16:47:27.716285+07:00
302,000209002003000,1438425.00,2025-02-25,,2026-05-26 16:47:27.716285+07:00
303,000330002002200,1618981.00,2025-02-25,,2026-05-26 16:47:27.716285+07:00
304,000209002007000,1438425.00,2025-02-25,,2026-05-26 16:47:27.716285+07:00
305,000226003014000,1685185.00,2025-02-25,,2026-05-26 16:47:27.716285+07:00
306,000226003023000,1685185.00,2025-02-25,,2026-05-26 16:47:27.716285+07:00
307,000331002004000,1799537.00,2025-02-25,,2026-05-26 16:47:27.716285+07:00
308,000217002001000,1438425.00,2025-02-25,,2026-05-26 16:47:27.716285+07:00
309,000231003005000,2401388.00,2025-02-25,,2026-05-26 16:47:27.716285+07:00
310,000401002016000,1516666.00,2025-02-25,,2026-05-26 16:47:27.716285+07:00
311,1000300050010000,4527777.78,2025-02-25,,2026-05-26 16:47:27.716285+07:00
312,000330002002200,2490740.74,2025-02-25,,2026-05-26 16:47:27.716285+07:00
313,000330002001000,1618981.00,2025-02-25,,2026-05-26 16:47:27.716285+07:00
314,000331002008000,1799537.00,2025-02-25,,2026-05-26 16:47:27.716285+07:00
315,000413002001000,2702314.00,2025-02-25,,2026-05-26 16:47:27.716285+07:00
316,000331002022000,2768518.52,2025-02-26,,2026-05-26 16:47:27.716285+07:00
317,000217003008000,1594907.00,2025-02-26,,2026-05-26 16:47:27.716285+07:00
318,1000240020220000,956944.00,2025-02-26,,2026-05-26 16:47:27.716285+07:00
319,000218003005000,1655092.00,2025-02-26,,2026-05-26 16:47:27.716285+07:00
320,000131002007000,1197685.00,2025-02-26,,2026-05-26 16:47:27.716285+07:00
321,000401002016002,1516666.00,2025-02-26,,2026-05-26 16:47:27.716285+07:00
322,000324000100000,2521759.00,2025-02-26,,2026-05-26 16:47:27.716285+07:00
323,000217002003000,1438425.00,2025-02-26,,2026-05-26 16:47:27.716285+07:00
324,000225002004000,1618981.00,2025-02-26,,2026-05-26 16:47:27.716285+07:00
325,000226003023000,2425925.93,2025-02-27,,2026-05-26 16:47:27.716285+07:00
326,000207004000000,1694444.44,2025-02-28,,2026-05-26 16:47:27.716285+07:00
327,000231003022000,2844722.22,2025-03-01,,2026-05-26 16:47:27.716285+07:00
328,000227002014000,1846574.07,2025-03-01,,2026-05-26 16:47:27.716285+07:00
329,000226002014000,1996296.30,2025-03-01,,2026-05-26 16:47:27.716285+07:00
330,000225002023000,1917870.37,2025-03-01,,2026-05-26 16:47:27.716285+07:00
331,1000240020220000,1472222.22,2025-03-07,,2026-05-26 16:47:27.716285+07:00
332,000324000100000,2909722.00,2025-03-08,,2026-05-26 16:47:27.716285+07:00
333,000225002025000,1898148.00,2025-03-08,,2026-05-26 16:47:27.716285+07:00
334,000224002026000,1842592.00,2025-03-08,,2026-05-26 16:47:27.716285+07:00
335,000226003023000,2592592.59,2025-03-10,,2026-05-26 16:47:27.716285+07:00
336,1000240020090000,1472222.22,2025-03-10,,2026-05-26 16:47:27.716285+07:00
337,1010020010080000,2400000.00,2025-03-10,,2026-05-26 16:47:27.716285+07:00
338,000335002013000,2488240.74,2025-03-13,,2026-05-26 16:47:27.716285+07:00
339,000334002013000,1960648.15,2025-03-13,,2026-05-26 16:47:27.716285+07:00
340,000125002009000,1561388.89,2025-03-13,,2026-05-26 16:47:27.716285+07:00
341,1000310050200000,3486388.89,2025-03-13,,2026-05-26 16:47:27.716285+07:00
342,1000300050200000,3486388.89,2025-03-13,,2026-05-26 16:47:27.716285+07:00
343,000331002022000,2076389.00,2025-03-13,,2026-05-26 16:47:27.716285+07:00
344,000224002024000,1558796.00,2025-03-14,,2026-05-26 16:47:27.716285+07:00
345,000217003001000,1594907.00,2025-03-14,,2026-05-26 16:47:27.716285+07:00
346,000224002002000,1558796.00,2025-03-14,,2026-05-26 16:47:27.716285+07:00
347,1000340010090000,1172558.00,2025-03-14,,2026-05-26 16:47:27.716285+07:00
348,000131002008001,1197685.00,2025-03-14,,2026-05-26 16:47:27.716285+07:00
349,000131002001002,1197685.00,2025-03-14,,2026-05-26 16:47:27.716285+07:00
350,000225002024000,1618981.00,2025-03-14,,2026-05-26 16:47:27.716285+07:00
351,1000310050010000,3486388.89,2025-03-17,,2026-05-26 16:47:27.716285+07:00
352,000335002001000,2488240.74,2025-03-17,,2026-05-26 16:47:27.716285+07:00
353,000224002004000,2038426.00,2025-03-17,,2026-05-26 16:47:27.716285+07:00
354,000225002004000,2117129.63,2025-03-17,,2026-05-26 16:47:27.716285+07:00
355,000131002019002,1197685.00,2025-03-17,,2026-05-26 16:47:27.716285+07:00
356,000224002004000,1558796.00,2025-03-17,,2026-05-26 16:47:27.716285+07:00
357,000224002026000,1558796.00,2025-03-17,,2026-05-26 16:47:27.716285+07:00
358,000226003015000,1685185.00,2025-03-17,,2026-05-26 16:47:27.716285+07:00
359,000218003008000,2546296.30,2025-03-17,,2026-05-26 16:47:27.716285+07:00
360,000231003005001,2658500.00,2025-03-18,,2026-05-26 16:47:27.716285+07:00
361,000231003002001,2658500.00,2025-03-18,,2026-05-26 16:47:27.716285+07:00
362,000230002002000,1943500.00,2025-03-18,,2026-05-26 16:47:27.716285+07:00
363,000225002004000,2117129.33,2025-03-18,,2026-05-26 16:47:27.716285+07:00
364,000216002003000,1802314.80,2025-03-18,,2026-05-26 16:47:27.716285+07:00
365,100028005008000,3003787.00,2025-03-19,,2026-05-26 16:47:27.716285+07:00
366,000217004008001,2333500.00,2025-03-19,,2026-05-26 16:47:27.716285+07:00
367,000218004008001,2398500.00,2025-03-19,,2026-05-26 16:47:27.716285+07:00
368,1010020000080000,2400000.00,2025-03-19,,2026-05-26 16:47:27.716285+07:00
369,000123002004000,1050000.00,2025-03-19,,2026-05-26 16:47:27.716285+07:00
370,000124002024000,750000.00,2025-03-19,,2026-05-26 16:47:27.716285+07:00
371,1000320010090000,1408249.00,2025-03-19,,2026-05-26 16:47:27.716285+07:00
372,1000310050200000,3178500.00,2025-03-20,,2026-05-26 16:47:27.716285+07:00
373,000217002003000,1881018.52,2025-03-20,,2026-05-26 16:47:27.716285+07:00
374,000225002004000,2490740.74,2025-03-20,,2026-05-26 16:47:27.716285+07:00
375,000124002004000,1050000.00,2025-03-20,,2026-05-26 16:47:27.716285+07:00
376,000115002019001,1293500.00,2025-03-20,,2026-05-26 16:47:27.716285+07:00
377,000231003022001,2658500.00,2025-03-20,,2026-05-26 16:47:27.716285+07:00
378,000231003023001,2658500.00,2025-03-20,,2026-05-26 16:47:27.716285+07:00
379,000215004000000,2398148.17,2025-03-21,,2026-05-26 16:47:27.716285+07:00
380,000208002003000,2120370.37,2025-03-22,,2026-05-26 16:47:27.716285+07:00
381,000218004009001,1350000.00,2025-03-24,,2026-05-26 16:47:27.716285+07:00
382,000125002002000,1155000.00,2025-03-24,,2026-05-26 16:47:27.716285+07:00
383,000331002008000,1375000.00,2025-03-24,,2026-05-26 16:47:27.716285+07:00
384,000125002009000,1155000.00,2025-03-24,,2026-05-26 16:47:27.716285+07:00
385,000125002013000,1155000.00,2025-03-24,,2026-05-26 16:47:27.716285+07:00
386,000125002023000,1155000.00,2025-03-24,,2026-05-26 16:47:27.716285+07:00
387,000225002002000,1298000.00,2025-03-24,,2026-05-26 16:47:27.716285+07:00
388,000225002023000,1298000.00,2025-03-24,,2026-05-26 16:47:27.716285+07:00
389,000225002015000,1298000.00,2025-03-24,,2026-05-26 16:47:27.716285+07:00
390,000225002025000,1298000.00,2025-03-24,,2026-05-26 16:47:27.716285+07:00
391,000217003001000,1375000.00,2025-03-24,,2026-05-26 16:47:27.716285+07:00
392,000226003002000,1320000.00,2025-03-24,,2026-05-26 16:47:27.716285+07:00
393,1010020000080000,7490740.74,2025-03-24,,2026-05-26 16:47:27.716285+07:00
394,000209002025000,1438425.00,2025-03-24,,2026-05-26 16:47:27.716285+07:00
395,000114002000000,1000000.00,2025-03-24,,2026-05-26 16:47:27.716285+07:00
396,000224002007000,1130000.00,2025-03-25,,2026-05-26 16:47:27.716285+07:00
397,000225002007000,1180000.00,2025-03-25,,2026-05-26 16:47:27.716285+07:00
398,100029005020000,3544907.00,2025-03-25,,2026-05-26 16:47:27.716285+07:00
399,100029005001000,3544907.00,2025-03-25,,2026-05-26 16:47:27.716285+07:00
400,000217004022001,2333500.00,2025-03-25,,2026-05-26 16:47:27.716285+07:00
401,000216003001000,1534722.00,2025-03-26,,2026-05-26 16:47:27.716285+07:00
402,000218003008000,1655092.00,2025-03-26,,2026-05-26 16:47:27.716285+07:00
403,000218004008000,2160648.00,2025-03-26,,2026-05-26 16:47:27.716285+07:00
404,000209002025000,1086111.00,2025-03-26,,2026-05-26 16:47:27.716285+07:00
405,000490002007000,2798611.00,2025-03-26,,2026-05-26 16:47:27.716285+07:00
406,000217004008000,2100462.00,2025-03-26,,2026-05-26 16:47:27.716285+07:00
407,000490002004000,2798611.00,2025-03-26,,2026-05-26 16:47:27.716285+07:00
408,000217003005000,2100462.00,2025-03-26,,2026-05-26 16:47:27.716285+07:00
409,000131002004005,1197685.00,2025-03-26,,2026-05-26 16:47:27.716285+07:00
410,000331002022000,1799537.00,2025-03-26,,2026-05-26 16:47:27.716285+07:00
411,000335002004000,2100462.00,2025-03-26,,2026-05-26 16:47:27.716285+07:00
412,000314002005000,2100462.00,2025-03-26,,2026-05-26 16:47:27.716285+07:00
413,000314002020000,2100462.00,2025-03-26,,2026-05-26 16:47:27.716285+07:00
414,000334002013000,1655092.00,2025-03-26,,2026-05-26 16:47:27.716285+07:00
415,000216003008000,1534722.00,2025-03-26,,2026-05-26 16:47:27.716285+07:00
416,000218003001000,1655092.00,2025-03-26,,2026-05-26 16:47:27.716285+07:00
417,000218004005000,2160648.00,2025-03-26,,2026-05-26 16:47:27.716285+07:00
418,1000310050010000,2943055.00,2025-03-26,,2026-05-26 16:47:27.716285+07:00
419,000413002018000,2702314.81,2025-03-27,,2026-05-26 16:47:27.716285+07:00
420,000217004005000,2100462.96,2025-03-27,,2026-05-26 16:47:27.716285+07:00
421,000217003008000,1594907.41,2025-03-27,,2026-05-26 16:47:27.716285+07:00
422,000131002004000,1197685.19,2025-03-27,,2026-05-26 16:47:27.716285+07:00
423,000413002022000,2702314.81,2025-03-27,,2026-05-26 16:47:27.716285+07:00
424,000215004000000,1558796.30,2025-03-27,,2026-05-26 16:47:27.716285+07:00
425,000123002002000,1050000.00,2025-03-27,,2026-05-26 16:47:27.716285+07:00
426,000123002009000,1050000.00,2025-03-27,,2026-05-26 16:47:27.716285+07:00
427,000123002007000,1050000.00,2025-03-27,,2026-05-26 16:47:27.716285+07:00
428,000226003023000,1685185.19,2025-03-27,,2026-05-26 16:47:27.716285+07:00
429,000305002001000,1354166.67,2025-03-27,,2026-05-26 16:47:27.716285+07:00
430,1000240020090000,956944.44,2025-03-27,,2026-05-26 16:47:27.716285+07:00
431,1000230020090000,896759.26,2025-03-27,,2026-05-26 16:47:27.716285+07:00
432,1000310050010000,2943055.56,2025-03-27,,2026-05-26 16:47:27.716285+07:00
433,000125002023000,1318055.56,2025-03-27,,2026-05-26 16:47:27.716285+07:00
434,000125002009000,1318055.56,2025-03-27,,2026-05-26 16:47:27.716285+07:00
435,000225002002000,1618981.48,2025-03-27,,2026-05-26 16:47:27.716285+07:00
436,000225002009000,1618981.48,2025-03-27,,2026-05-26 16:47:27.716285+07:00
437,000225002015000,1618981.48,2025-03-27,,2026-05-26 16:47:27.716285+07:00
438,100028005008000,3304166.67,2025-03-27,,2026-05-26 16:47:27.716285+07:00
439,100035005001000,3304166.67,2025-03-27,,2026-05-26 16:47:27.716285+07:00
440,000331002022000,1799537.04,2025-03-27,,2026-05-26 16:47:27.716285+07:00
441,000304002004000,1100000.00,2025-03-27,,2026-05-26 16:47:27.716285+07:00
442,000304002019000,1100000.00,2025-03-27,,2026-05-26 16:47:27.716285+07:00
443,000303002003000,1000000.00,2025-03-27,,2026-05-26 16:47:27.716285+07:00
444,000304002005000,1100000.00,2025-03-27,,2026-05-26 16:47:27.716285+07:00
445,000303002004000,1000000.00,2025-03-27,,2026-05-26 16:47:27.716285+07:00
446,000303002019000,1000000.00,2025-03-27,,2026-05-26 16:47:27.716285+07:00
447,000303002005000,1000000.00,2025-03-27,,2026-05-26 16:47:27.716285+07:00
448,000208002023000,2027777.78,2025-03-27,,2026-05-26 16:47:27.716285+07:00
449,000208002003000,2027777.78,2025-03-27,,2026-05-26 16:47:27.716285+07:00
450,1000340010240000,1172558.00,2025-03-28,,2026-05-26 16:47:27.716285+07:00
451,1000320010090000,1408249.15,2025-03-28,,2026-05-26 16:47:27.716285+07:00
452,1000330010090000,1231481.48,2025-03-28,,2026-05-26 16:47:27.716285+07:00
453,1000340010240000,1172558.92,2025-03-28,,2026-05-26 16:47:27.716285+07:00
454,1030010000080000,1172558.92,2025-03-28,,2026-05-26 16:47:27.716285+07:00
455,000333002001000,2281018.00,2025-03-28,,2026-05-26 16:47:27.716285+07:00
456,000335002001000,2100462.00,2025-03-28,,2026-05-26 16:47:27.716285+07:00
457,000226003002000,1685185.00,2025-03-28,,2026-05-26 16:47:27.716285+07:00
458,000208002007000,2120370.37,2025-03-31,,2026-05-26 16:47:27.716285+07:00
459,000216002007000,2120370.37,2025-03-31,,2026-05-26 16:47:27.716285+07:00
460,000209002003000,2212962.96,2025-03-31,,2026-05-26 16:47:27.716285+07:00
461,000230002027000,1250000.00,2025-03-31,,2026-05-26 16:47:27.716285+07:00
462,000230002001000,1250000.00,2025-03-31,,2026-05-26 16:47:27.716285+07:00
463,000218002003000,1498611.00,2025-03-31,,2026-05-26 16:47:27.716285+07:00
464,000125002002000,2027778.00,2026-01-04,,2026-05-26 16:47:27.716285+07:00
465,000124002004000,1419444.40,2026-01-06,,2026-05-26 16:47:27.716285+07:00
466,1050010000200000,1842593.00,2026-01-06,,2026-05-26 16:47:27.716285+07:00
467,000125002013000,2027778.00,2026-01-06,,2026-05-26 16:47:27.716285+07:00
468,000131002001002,1289814.90,2026-01-06,,2026-05-26 16:47:27.716285+07:00
469,000131002008001,1150000.00,2026-01-06,,2026-05-26 16:47:27.716285+07:00
470,000216002001000,1523148.10,2026-01-06,,2026-05-26 16:47:27.716285+07:00
471,000131002001002,1289814.80,2026-01-06,,2026-05-26 16:47:27.716285+07:00
472,000208002003000,1523148.10,2026-01-06,,2026-05-26 16:47:27.716285+07:00
473,000331002001000,2768518.50,2026-01-07,,2026-05-26 16:47:27.716285+07:00
474,000209002025000,2268519.00,2026-01-08,,2026-05-26 16:47:27.716285+07:00
475,000104002009000,1805556.00,2026-01-10,,2026-05-26 16:47:27.716285+07:00
476,000122002007000,1111111.00,2026-01-12,,2026-05-26 16:47:27.716285+07:00
477,000122002009000,1111111.00,2026-01-12,,2026-05-26 16:47:27.716285+07:00
478,000116002023000,787037.00,2026-01-12,,2026-05-26 16:47:27.716285+07:00
479,000208002007000,1422222.00,2026-01-12,,2026-05-26 16:47:27.716285+07:00
480,000209002007000,1483333.00,2026-01-12,,2026-05-26 16:47:27.716285+07:00
481,000125002009000,1324444.00,2026-01-12,,2026-05-26 16:47:27.716285+07:00
482,000125002002000,1324444.00,2026-01-12,,2026-05-26 16:47:27.716285+07:00
483,000125002023000,1324444.00,2026-01-12,,2026-05-26 16:47:27.716285+07:00
484,1000310050080000,2664259.00,2026-01-12,,2026-05-26 16:47:27.716285+07:00
485,000125002013000,1324444.00,2026-01-12,,2026-05-26 16:47:27.716285+07:00
486,000225002023000,1630000.00,2026-01-12,,2026-05-26 16:47:27.716285+07:00
487,1000310050200000,2664259.00,2026-01-12,,2026-05-26 16:47:27.716285+07:00
488,000122002019000,1324444.00,2026-01-12,,2026-05-26 16:47:27.716285+07:00
489,000230002013000,1813333.00,2026-01-12,,2026-05-26 16:47:27.716285+07:00
490,000401002016000,1544444.00,2026-01-12,,2026-05-26 16:47:27.716285+07:00
491,000122002009001,1324444.00,2026-01-12,,2026-05-26 16:47:27.716285+07:00
492,000230002002000,1813333.00,2026-01-12,,2026-05-26 16:47:27.716285+07:00
493,000122002022000,1324444.00,2026-01-12,,2026-05-26 16:47:27.716285+07:00
494,000122002024000,1324444.00,2026-01-12,,2026-05-26 16:47:27.716285+07:00
495,000217003001000,1605555.00,2026-01-12,,2026-05-26 16:47:27.716285+07:00
496,000217003008000,1605555.00,2026-01-12,,2026-05-26 16:47:27.716285+07:00
497,000217003005000,1605555.00,2026-01-12,,2026-05-26 16:47:27.716285+07:00
498,000219002023000,1758333.00,2026-01-12,,2026-05-26 16:47:27.716285+07:00
499,000224002015000,1568888.00,2026-01-12,,2026-05-26 16:47:27.716285+07:00
500,000224002023000,1568888.00,2026-01-12,,2026-05-26 16:47:27.716285+07:00
501,1000320010090000,1111111.00,2026-01-12,,2026-05-26 16:47:27.716285+07:00
502,000230002023000,1813333.00,2026-01-12,,2026-05-26 16:47:27.716285+07:00
503,000230002009000,1813333.00,2026-01-12,,2026-05-26 16:47:27.716285+07:00
504,000401002016002,1544444.00,2026-01-12,,2026-05-26 16:47:27.716285+07:00
505,000336002001000,1391666.00,2026-01-12,,2026-05-26 16:47:27.716285+07:00
506,000336002004000,1391666.00,2026-01-12,,2026-05-26 16:47:27.716285+07:00
507,000336002022000,1391666.00,2026-01-12,,2026-05-26 16:47:27.716285+07:00
508,100029005010000,2974444.00,2026-01-12,,2026-05-26 16:47:27.716285+07:00
509,1000400050010000,2974444.00,2026-01-12,,2026-05-26 16:47:27.716285+07:00
510,1000400050020000,2974444.00,2026-01-12,,2026-05-26 16:47:27.716285+07:00
511,1000400050200000,2974444.00,2026-01-12,,2026-05-26 16:47:27.716285+07:00
512,1000320050010000,2974444.00,2026-01-12,,2026-05-26 16:47:27.716285+07:00
513,1000320050020000,2974444.00,2026-01-12,,2026-05-26 16:47:27.716285+07:00
514,100029005220000,2974444.00,2026-01-12,,2026-05-26 16:47:27.716285+07:00
515,1000400050080010,2974444.00,2026-01-12,,2026-05-26 16:47:27.716285+07:00
516,100029005090000,2974444.00,2026-01-12,,2026-05-26 16:47:27.716285+07:00
517,100029005080000,2974444.00,2026-01-12,,2026-05-26 16:47:27.716285+07:00
518,000226003023000,1697222.00,2026-01-12,,2026-05-26 16:47:27.716285+07:00
519,000224002002000,1568888.00,2026-01-12,,2026-05-26 16:47:27.716285+07:00
520,000215004000000,1605555.00,2026-01-12,,2026-05-26 16:47:27.716285+07:00
521,000224002009000,1568888.00,2026-01-12,,2026-05-26 16:47:27.716285+07:00
522,000225002002000,1630000.00,2026-01-12,,2026-05-26 16:47:27.716285+07:00
523,000225002015000,1630000.00,2026-01-12,,2026-05-26 16:47:27.716285+07:00
524,1000320050200000,2974444.00,2026-01-12,,2026-05-26 16:47:27.716285+07:00
525,000131002001002,1150000.00,2026-01-12,,2026-05-26 16:47:27.716285+07:00
526,000216003001000,1180000.00,2026-01-12,,2026-05-26 16:47:27.716285+07:00
527,000219002022000,1400000.00,2026-01-12,,2026-05-26 16:47:27.716285+07:00
528,000333002008000,1500000.00,2026-01-12,,2026-05-26 16:47:27.716285+07:00
529,000333002022002,1500000.00,2026-01-12,,2026-05-26 16:47:27.716285+07:00
530,100029005080000,1600000.00,2026-01-12,,2026-05-26 16:47:27.716285+07:00
531,100029005090000,1600000.00,2026-01-12,,2026-05-26 16:47:27.716285+07:00
532,100029005220000,1600000.00,2026-01-12,,2026-05-26 16:47:27.716285+07:00
533,000214004000000,1544444.00,2026-01-12,,2026-05-26 16:47:27.716285+07:00
534,000102002023000,1146296.00,2026-01-12,,2026-05-26 16:47:27.716285+07:00
535,000106002004000,1275925.00,2026-01-12,,2026-05-26 16:47:27.716285+07:00
536,000105002004000,1146296.00,2026-01-12,,2026-05-26 16:47:27.716285+07:00
537,000225002025000,1630000.00,2026-01-12,,2026-05-26 16:47:27.716285+07:00
538,000225002009000,1630000.00,2026-01-12,,2026-05-26 16:47:27.716285+07:00
539,000232003008000,2247222.00,2026-01-12,,2026-05-26 16:47:27.716285+07:00
540,000232003002000,2247222.00,2026-01-12,,2026-05-26 16:47:27.716285+07:00
541,000337002001000,1636111.00,2026-01-12,,2026-05-26 16:47:27.716285+07:00
542,000337002008000,1636111.00,2026-01-12,,2026-05-26 16:47:27.716285+07:00
543,000216003001000,1544444.00,2026-01-12,,2026-05-26 16:47:27.716285+07:00
544,000216003008000,1544444.00,2026-01-12,,2026-05-26 16:47:27.716285+07:00
545,000224002026000,1568888.00,2026-01-12,,2026-05-26 16:47:27.716285+07:00
546,000226003002000,1697222.00,2026-01-12,,2026-05-26 16:47:27.716285+07:00
547,000105002013000,1146296.00,2026-01-12,,2026-05-26 16:47:27.716285+07:00
548,000226003015000,1697222.00,2026-01-12,,2026-05-26 16:47:27.716285+07:00
549,000217002007000,1483333.00,2026-01-12,,2026-05-26 16:47:27.716285+07:00
550,000131002019002,1183796.00,2026-01-12,,2026-05-26 16:47:27.716285+07:00
551,1000240020090000,957777.00,2026-01-12,,2026-05-26 16:47:27.716285+07:00
552,000334002004000,1666666.00,2026-01-12,,2026-05-26 16:47:27.716285+07:00
553,1040010000080000,1340740.00,2026-01-12,,2026-05-26 16:47:27.716285+07:00
554,000131002001002,1183796.00,2026-01-12,,2026-05-26 16:47:27.716285+07:00
555,000230002014000,1813333.00,2026-01-12,,2026-05-26 16:47:27.716285+07:00
556,000131002008001,1183796.00,2026-01-12,,2026-05-26 16:47:27.716285+07:00
557,000208002023000,1422222.00,2026-01-12,,2026-05-26 16:47:27.716285+07:00
558,1010030010130000,9157407.00,2026-01-12,,2026-05-26 16:47:27.716285+07:00
559,000333002008000,2308333.00,2026-01-12,,2026-05-26 16:47:27.716285+07:00
560,1000240020220000,957777.00,2026-01-12,,2026-05-26 16:47:27.716285+07:00
561,000207004000000,1544444.00,2026-01-12,,2026-05-26 16:47:27.716285+07:00
562,000209002025000,1483333.00,2026-01-12,,2026-05-26 16:47:27.716285+07:00
563,000209002003000,1483333.00,2026-01-12,,2026-05-26 16:47:27.716285+07:00
564,000217002003000,1483333.00,2026-01-12,,2026-05-26 16:47:27.716285+07:00
565,000217002001000,1483333.00,2026-01-12,,2026-05-26 16:47:27.716285+07:00
566,000224002024000,1568888.00,2026-01-12,,2026-05-26 16:47:27.716285+07:00
567,000224002004000,1568888.00,2026-01-12,,2026-05-26 16:47:27.716285+07:00
568,000225002024000,1630000.00,2026-01-12,,2026-05-26 16:47:27.716285+07:00
569,000131002004005,1183796.00,2026-01-12,,2026-05-26 16:47:27.716285+07:00
570,1000270020150000,957777.00,2026-01-13,,2026-05-26 16:47:27.716285+07:00
571,000331002001000,1813333.00,2026-01-13,,2026-05-26 16:47:27.716285+07:00
572,1000270020220000,957777.00,2026-01-13,,2026-05-26 16:47:27.716285+07:00
573,000216003005000,1544444.00,2026-01-13,,2026-05-26 16:47:27.716285+07:00
574,000413002001000,2730000.00,2026-01-13,,2026-05-26 16:47:27.716285+07:00
575,000413002022000,2730000.00,2026-01-13,,2026-05-26 16:47:27.716285+07:00
576,000225002004000,1630000.00,2026-01-13,,2026-05-26 16:47:27.716285+07:00
577,000124002009000,1111111.00,2026-01-13,,2026-05-26 16:47:27.716285+07:00
578,000122002004000,1111111.00,2026-01-13,,2026-05-26 16:47:27.716285+07:00
579,1000230020090000,896666.00,2026-01-13,,2026-05-26 16:47:27.716285+07:00
580,1000260020220000,896666.00,2026-01-13,,2026-05-26 16:47:27.716285+07:00
581,000132002003001,1324444.00,2026-01-13,,2026-05-26 16:47:27.716285+07:00
582,000331002004000,1813333.00,2026-01-13,,2026-05-26 16:47:27.716285+07:00
583,000124002024000,1111111.00,2026-01-13,,2026-05-26 16:47:27.716285+07:00
584,000124002004000,1111111.00,2026-01-13,,2026-05-26 16:47:27.716285+07:00
585,1000340010090000,925925.00,2026-01-13,,2026-05-26 16:47:27.716285+07:00
586,000226003014000,1697222.00,2026-01-13,,2026-05-26 16:47:27.716285+07:00
587,000331002022000,1813333.00,2026-01-13,,2026-05-26 16:47:27.716285+07:00
588,000132002022001,1324444.00,2026-01-13,,2026-05-26 16:47:27.716285+07:00
589,000333002022002,2308333.00,2026-01-13,,2026-05-26 16:47:27.716285+07:00
590,000324000040000,2407777.00,2026-01-13,,2026-05-26 16:47:27.716285+07:00
591,000324000180000,2407777.00,2026-01-13,,2026-05-26 16:47:27.716285+07:00
592,000331002008000,1300000.00,2026-01-14,,2026-05-26 16:47:27.716285+07:00
593,000331002004000,1300000.00,2026-01-14,,2026-05-26 16:47:27.716285+07:00
594,000331002001000,1300000.00,2026-01-14,,2026-05-26 16:47:27.716285+07:00
595,000131002019002,1150000.00,2026-01-14,,2026-05-26 16:47:27.716285+07:00
596,000230002013000,1280000.00,2026-01-14,,2026-05-26 16:47:27.716285+07:00
597,000336002004000,1100000.00,2026-01-14,,2026-05-26 16:47:27.716285+07:00
598,1060010000200000,650000.00,2026-01-14,,2026-05-26 16:47:27.716285+07:00
599,000336002022000,1100000.00,2026-01-14,,2026-05-26 16:47:27.716285+07:00
600,000337002001000,1230000.00,2026-01-14,,2026-05-26 16:47:27.716285+07:00
601,000337002022000,1230000.00,2026-01-14,,2026-05-26 16:47:27.716285+07:00
602,1000320050010000,2150000.00,2026-01-14,,2026-05-26 16:47:27.716285+07:00
603,1000320050020000,2150000.00,2026-01-14,,2026-05-26 16:47:27.716285+07:00
604,1000320050200000,2150000.00,2026-01-14,,2026-05-26 16:47:27.716285+07:00
605,1010030010130000,2850000.00,2026-01-14,,2026-05-26 16:47:27.716285+07:00
606,1030010000080000,500000.00,2026-01-14,,2026-05-26 16:47:27.716285+07:00
607,1040010000080000,650000.00,2026-01-14,,2026-05-26 16:47:27.716285+07:00
608,000131002004005,1150000.00,2026-01-14,,2026-05-26 16:47:27.716285+07:00
609,000336002001000,1100000.00,2026-01-14,,2026-05-26 16:47:27.716285+07:00
610,1000400050200000,3486389.00,2026-01-14,,2026-05-26 16:47:27.716285+07:00
611,000217002007000,2268519.00,2026-01-14,,2026-05-26 16:47:27.716285+07:00
612,000125002023000,2027778.00,2026-01-14,,2026-05-26 16:47:27.716285+07:00
613,1000220020220000,1133611.00,2026-01-14,,2026-05-26 16:47:27.716285+07:00
614,000334002013000,1960648.00,2026-01-14,,2026-05-26 16:47:27.716285+07:00
615,000217003001000,1846574.00,2026-01-14,,2026-05-26 16:47:27.716285+07:00
616,000225002002000,1917870.30,2026-01-14,,2026-05-26 16:47:27.716285+07:00
617,1000320050010000,3486389.00,2026-01-14,,2026-05-26 16:47:27.716285+07:00
618,1000210020090000,1062315.00,2026-01-14,,2026-05-26 16:47:27.716285+07:00
619,1000250020050000,1133611.00,2026-01-14,,2026-05-26 16:47:27.716285+07:00
620,000122002022000,1050000.00,2026-01-14,,2026-05-26 16:47:27.716285+07:00
621,000106002013000,500000.00,2026-01-14,,2026-05-26 16:47:27.716285+07:00
622,000106002004000,500000.00,2026-01-14,,2026-05-26 16:47:27.716285+07:00
623,000122002009001,1050000.00,2026-01-14,,2026-05-26 16:47:27.716285+07:00
624,000105002013000,470000.00,2026-01-14,,2026-05-26 16:47:27.716285+07:00
625,000105002004000,470000.00,2026-01-14,,2026-05-26 16:47:27.716285+07:00
626,000103002009000,500000.00,2026-01-14,,2026-05-26 16:47:27.716285+07:00
627,000106002001000,500000.00,2026-01-14,,2026-05-26 16:47:27.716285+07:00
628,000230002014000,1280000.00,2026-01-15,,2026-05-26 16:47:27.716285+07:00
629,000230002023000,1280000.00,2026-01-15,,2026-05-26 16:47:27.716285+07:00
630,000335002001000,2488240.70,2026-01-15,,2026-05-26 16:47:27.716285+07:00
631,1040010000080000,1490092.60,2026-01-15,,2026-05-26 16:47:27.716285+07:00
632,1000210020090000,1062314.80,2026-01-15,,2026-05-26 16:47:27.716285+07:00
633,000226003023000,1996296.00,2026-01-15,,2026-05-26 16:47:27.716285+07:00
634,000337002022000,1925000.00,2026-01-15,,2026-05-26 16:47:27.716285+07:00
635,1000320050010000,3486388.90,2026-01-15,,2026-05-26 16:47:27.716285+07:00
636,000225002002000,1917870.00,2026-01-15,,2026-05-26 16:47:27.716285+07:00
637,000125002009000,1561389.00,2026-01-15,,2026-05-26 16:47:27.716285+07:00
638,1000400050200000,3486388.90,2026-01-15,,2026-05-26 16:47:27.716285+07:00
639,000225002002000,1917870.40,2026-01-15,,2026-05-26 16:47:27.716285+07:00
640,000335002001000,2488241.00,2026-01-15,,2026-05-26 16:47:27.716285+07:00
641,1000250020050000,1133611.10,2026-01-15,,2026-05-26 16:47:27.716285+07:00
642,000334002013000,1666666.00,2026-01-16,,2026-05-26 16:47:27.716285+07:00
643,000334002001000,1666666.00,2026-01-16,,2026-05-26 16:47:27.716285+07:00
644,000335002001000,2118888.00,2026-01-16,,2026-05-26 16:47:27.716285+07:00
645,1000400050090000,2974444.00,2026-01-16,,2026-05-26 16:47:27.716285+07:00
646,000337002008000,1636113.00,2026-01-16,,2026-05-26 16:47:27.716285+07:00
647,000230002023000,2131759.00,2026-01-16,,2026-05-26 16:47:27.716285+07:00
648,000230002002000,2131759.00,2026-01-16,,2026-05-26 16:47:27.716285+07:00
649,000131002019002,1418796.00,2026-01-16,,2026-05-26 16:47:27.716285+07:00
650,000219002023000,1400000.00,2026-01-16,,2026-05-26 16:47:27.716285+07:00
651,000335002013000,1350000.00,2026-01-16,,2026-05-26 16:47:27.716285+07:00
652,000131002008001,1418796.00,2026-01-16,,2026-05-26 16:47:27.716285+07:00
653,000131002001002,1418796.00,2026-01-16,,2026-05-26 16:47:27.716285+07:00
654,1000240020220000,1133611.00,2026-01-16,,2026-05-26 16:47:27.716285+07:00
655,1000240020090000,1133611.00,2026-01-16,,2026-05-26 16:47:27.716285+07:00
656,000122002009001,1561389.00,2026-01-16,,2026-05-26 16:47:27.716285+07:00
657,000125002023000,1561389.00,2026-01-16,,2026-05-26 16:47:27.716285+07:00
658,000125002002000,1561389.00,2026-01-16,,2026-05-26 16:47:27.716285+07:00
659,000230002013000,2131759.00,2026-01-16,,2026-05-26 16:47:27.716285+07:00
660,000230002014000,2131759.00,2026-01-16,,2026-05-26 16:47:27.716285+07:00
661,1050010000200000,1418796.00,2026-01-16,,2026-05-26 16:47:27.716285+07:00
662,1040010000080000,1490093.00,2026-01-16,,2026-05-26 16:47:27.716285+07:00
663,000224002023000,1846574.00,2026-01-16,,2026-05-26 16:47:27.716285+07:00
664,000224002002000,1846574.00,2026-01-16,,2026-05-26 16:47:27.716285+07:00
665,000122002022000,1561389.00,2026-01-16,,2026-05-26 16:47:27.716285+07:00
666,1000400050080010,2150000.00,2026-01-16,,2026-05-26 16:47:27.716285+07:00
667,000125002013000,1561389.00,2026-01-16,,2026-05-26 16:47:27.716285+07:00
668,1000400050010000,2150000.00,2026-01-16,,2026-05-26 16:47:27.716285+07:00
669,000335002001000,1350000.00,2026-01-16,,2026-05-26 16:47:27.716285+07:00
670,000230002002000,1280000.00,2026-01-16,,2026-05-26 16:47:27.716285+07:00
671,100029005010000,1600000.00,2026-01-16,,2026-05-26 16:47:27.716285+07:00
672,1050010000200000,1275925.00,2026-01-16,,2026-05-26 16:47:27.716285+07:00
673,1000250020220000,957777.00,2026-01-16,,2026-05-26 16:47:27.716285+07:00
674,000117002023000,957777.00,2026-01-16,,2026-05-26 16:47:27.716285+07:00
675,1000250020050000,957777.00,2026-01-17,,2026-05-26 16:47:27.716285+07:00
676,1000220020090000,957777.00,2026-01-17,,2026-05-26 16:47:27.716285+07:00
677,000333002008000,3518519.00,2026-01-17,,2026-05-26 16:47:27.716285+07:00
678,000104002020000,1250000.00,2026-01-17,,2026-05-26 16:47:27.716285+07:00
679,000104002009000,1250000.00,2026-01-17,,2026-05-26 16:47:27.716285+07:00
680,000303002020000,1013888.00,2026-01-17,,2026-05-26 16:47:27.716285+07:00
681,000231002002000,2186111.00,2026-01-19,,2026-05-26 16:47:27.716285+07:00
682,000231002023000,2186111.00,2026-01-19,,2026-05-26 16:47:27.716285+07:00
683,000331002008000,2768519.00,2026-01-19,,2026-05-26 16:47:27.716285+07:00
684,000218002007000,1544444.00,2026-01-19,,2026-05-26 16:47:27.716285+07:00
685,000230002009000,2768518.60,2026-01-19,,2026-05-26 16:47:27.716285+07:00
686,000230002013000,2768518.60,2026-01-19,,2026-05-26 16:47:27.716285+07:00
687,000216002001000,1422222.00,2026-01-19,,2026-05-26 16:47:27.716285+07:00
688,000216002007000,1422222.00,2026-01-19,,2026-05-26 16:47:27.716285+07:00
689,000103002025000,1842593.00,2026-01-20,,2026-05-26 16:47:27.716285+07:00
690,100029005010000,4527778.00,2026-01-20,,2026-05-26 16:47:27.716285+07:00
691,1000400050010000,4527778.00,2026-01-20,,2026-05-26 16:47:27.716285+07:00
692,000217002003000,2041667.00,2026-01-20,,2026-05-26 16:47:27.716285+07:00
693,100029005090000,4527778.00,2026-01-21,,2026-05-26 16:47:27.716285+07:00
694,1000230020090000,1379630.00,2026-01-21,,2026-05-26 16:47:27.716285+07:00
695,000401002016000,2361111.00,2026-01-21,,2026-05-26 16:47:27.716285+07:00
696,100029005080000,4527778.00,2026-01-21,,2026-05-26 16:47:27.716285+07:00
697,000131002008001,1842593.00,2026-01-21,,2026-05-26 16:47:27.716285+07:00
698,000336002001000,2129630.00,2026-01-21,,2026-05-26 16:47:27.716285+07:00
699,100029005220000,4527778.00,2026-01-21,,2026-05-26 16:47:27.716285+07:00
700,1000320010090000,2212963.00,2026-01-21,,2026-05-26 16:47:27.716285+07:00
701,000337002008000,2500000.00,2026-01-21,,2026-05-26 16:47:27.716285+07:00
702,000105002013000,1657407.00,2026-01-21,,2026-05-26 16:47:27.716285+07:00
703,000331002022000,1300000.00,2026-01-21,,2026-05-26 16:47:27.716285+07:00
704,000224002026000,1568888.89,2026-01-22,,2026-05-26 16:47:27.716285+07:00
705,000219002022000,1758333.00,2026-01-22,,2026-05-26 16:47:27.716285+07:00
706,000219002012000,1758333.00,2026-01-22,,2026-05-26 16:47:27.716285+07:00
707,000335002013000,2118888.00,2026-01-22,,2026-05-26 16:47:27.716285+07:00
708,000337002022000,1636111.00,2026-01-22,,2026-05-26 16:47:27.716285+07:00
709,000217003008000,1605555.56,2026-01-22,,2026-05-26 16:47:27.716285+07:00
710,000217003001000,1605555.56,2026-01-22,,2026-05-26 16:47:27.716285+07:00
711,000331002022000,1813333.33,2026-01-22,,2026-05-26 16:47:27.716285+07:00
712,000331002008000,1813333.33,2026-01-22,,2026-05-26 16:47:27.716285+07:00
713,000331002001000,1813333.33,2026-01-22,,2026-05-26 16:47:27.716285+07:00
714,000337002022000,1636111.11,2026-01-22,,2026-05-26 16:47:27.716285+07:00
715,000216003001000,1544444.44,2026-01-22,,2026-05-26 16:47:27.716285+07:00
716,000337002008000,1636111.11,2026-01-22,,2026-05-26 16:47:27.716285+07:00
717,000125002002000,1324444.44,2026-01-22,,2026-05-26 16:47:27.716285+07:00
718,000125002013000,1324444.44,2026-01-22,,2026-05-26 16:47:27.716285+07:00
719,000125002009000,1324444.44,2026-01-22,,2026-05-26 16:47:27.716285+07:00
720,000224002002000,1568888.89,2026-01-22,,2026-05-26 16:47:27.716285+07:00
721,000337002001000,1636111.11,2026-01-22,,2026-05-26 16:47:27.716285+07:00
722,000216003008000,1544444.44,2026-01-22,,2026-05-26 16:47:27.716285+07:00
723,000331002008000,1813333.00,2026-01-22,,2026-05-26 16:47:27.716285+07:00
724,1000210020090000,896666.00,2026-01-22,,2026-05-26 16:47:27.716285+07:00
725,000207004000000,2361111.00,2026-01-22,,2026-05-26 16:47:27.716285+07:00
726,000230002013000,2768519.00,2026-01-22,,2026-05-26 16:47:27.716285+07:00
727,000224002009000,1568888.89,2026-01-22,,2026-05-26 16:47:27.716285+07:00
728,000230002023000,1813333.33,2026-01-22,,2026-05-26 16:47:27.716285+07:00
729,000232003009000,2247222.00,2026-01-22,,2026-05-26 16:47:27.716285+07:00
730,000225002015000,1917870.00,2026-01-22,,2026-05-26 16:47:27.716285+07:00
731,000225002025000,1917870.00,2026-01-22,,2026-05-26 16:47:27.716285+07:00
732,000230002009000,2131759.00,2026-01-22,,2026-05-26 16:47:27.716285+07:00
733,000225002023000,1917870.00,2026-01-22,,2026-05-26 16:47:27.716285+07:00
734,000230002013000,1813333.33,2026-01-22,,2026-05-26 16:47:27.716285+07:00
735,000226003023000,1697222.33,2026-01-22,,2026-05-26 16:47:27.716285+07:00
736,000324000100000,2407777.00,2026-01-22,,2026-05-26 16:47:27.716285+07:00
737,1010030010130000,6854166.00,2026-01-22,,2026-05-26 16:47:27.716285+07:00
738,1010030010220000,6854166.00,2026-01-23,,2026-05-26 16:47:27.716285+07:00
739,000217002007000,2268518.50,2026-01-23,,2026-05-26 16:47:27.716285+07:00
740,000217002001000,2268518.50,2026-01-23,,2026-05-26 16:47:27.716285+07:00
741,000216002007000,1574074.10,2026-01-23,,2026-05-26 16:47:27.716285+07:00
742,000217003008000,2453704.00,2026-01-23,,2026-05-26 16:47:27.716285+07:00
743,000217003001000,2453704.00,2026-01-23,,2026-05-26 16:47:27.716285+07:00
744,000102002009000,1146296.00,2026-01-24,,2026-05-26 16:47:27.716285+07:00
745,000103002009000,1275925.00,2026-01-24,,2026-05-26 16:47:27.716285+07:00
746,1000400050020000,2150000.00,2026-01-24,,2026-05-26 16:47:27.716285+07:00
747,1000400050200000,2150000.00,2026-01-24,,2026-05-26 16:47:27.716285+07:00
748,1000400050080000,2974444.00,2026-01-24,,2026-05-26 16:47:27.716285+07:00
749,000335002004000,2118888.00,2026-01-24,,2026-05-26 16:47:27.716285+07:00
750,000413002022000,4157407.00,2026-01-24,,2026-05-26 16:47:27.716285+07:00
751,000331002008000,2212962.96,2026-01-24,,2026-05-26 16:47:27.716285+07:00
752,000122002024000,1050000.00,2026-01-24,,2026-05-26 16:47:27.716285+07:00
753,000230002009000,1280000.00,2026-01-24,,2026-05-26 16:47:27.716285+07:00
754,000219002012000,1400000.00,2026-01-26,,2026-05-26 16:47:27.716285+07:00
755,000218002007000,2361111.00,2026-01-26,,2026-05-26 16:47:27.716285+07:00
756,000209002007000,2268518.50,2026-01-26,,2026-05-26 16:47:27.716285+07:00
757,000333002022002,3518519.00,2026-01-26,,2026-05-26 16:47:27.716285+07:00
758,000225002009000,2490741.00,2026-01-26,,2026-05-26 16:47:27.716285+07:00
759,000232003009000,1600000.00,2026-01-27,,2026-05-26 16:47:27.716285+07:00
760,000104002009000,500000.00,2026-01-27,,2026-05-26 16:47:27.716285+07:00
761,000102002009000,470000.00,2026-01-27,,2026-05-26 16:47:27.716285+07:00
762,1050010000200000,550000.00,2026-01-27,,2026-05-26 16:47:27.716285+07:00
763,000208002003000,2175926.00,2026-01-27,,2026-05-26 16:47:27.716285+07:00
764,000208002023000,2175926.00,2026-01-27,,2026-05-26 16:47:27.716285+07:00
765,000231002023000,3333333.00,2026-01-27,,2026-05-26 16:47:27.716285+07:00
766,1000400050080010,4527778.00,2026-01-27,,2026-05-26 16:47:27.716285+07:00
767,000216002003000,1422222.00,2026-01-27,,2026-05-26 16:47:27.716285+07:00
768,000132002001001,1324444.00,2026-01-28,,2026-05-26 16:47:27.716285+07:00
769,000208002003000,1422222.00,2026-01-28,,2026-05-26 16:47:27.716285+07:00
770,000233003022001,2369444.00,2026-01-28,,2026-05-26 16:47:27.716285+07:00
771,000218002003000,1544444.00,2026-01-28,,2026-05-26 16:47:27.716285+07:00
772,1000270020220000,1472222.00,2026-01-28,,2026-05-26 16:47:27.716285+07:00
773,000331002008000,2491666.60,2026-01-28,,2026-05-26 16:47:27.716285+07:00
774,000406002004000,4703704.00,2026-01-29,,2026-05-26 16:47:27.716285+07:00
775,000230002014000,2768519.00,2026-01-29,,2026-05-26 16:47:27.716285+07:00
776,000225002023000,2490741.00,2026-01-29,,2026-05-26 16:47:27.716285+07:00
777,000225002002001,1805555.55,2026-01-29,,2026-05-26 16:47:27.716285+07:00
778,000225002007001,1805555.55,2026-01-29,,2026-05-26 16:47:27.716285+07:00
779,000225002004001,1805555.55,2026-01-29,,2026-05-26 16:47:27.716285+07:00
780,000225002015001,1805555.55,2026-01-29,,2026-05-26 16:47:27.716285+07:00
781,000333002001003,2592592.60,2026-01-29,,2026-05-26 16:47:27.716285+07:00
782,000333002022003,2592592.60,2026-01-29,,2026-05-26 16:47:27.716285+07:00
783,000333002008003,2592592.60,2026-01-29,,2026-05-26 16:47:27.716285+07:00
784,1000320050200000,3416666.70,2026-01-29,,2026-05-26 16:47:27.716285+07:00
785,1000320050020000,3416666.70,2026-01-29,,2026-05-26 16:47:27.716285+07:00
786,1000320050010000,3416666.70,2026-01-29,,2026-05-26 16:47:27.716285+07:00
787,000214004000000,2361111.00,2026-01-29,,2026-05-26 16:47:27.716285+07:00
788,000333002022000,2302222.00,2026-01-29,,2026-05-26 16:47:27.716285+07:00
789,000407002019000,4240741.00,2026-01-30,,2026-05-26 16:47:27.716285+07:00
790,000131002004005,1418796.00,2026-01-30,,2026-05-26 16:47:27.716285+07:00
791,000106002013000,1275925.00,2026-01-31,,2026-05-26 16:47:27.716285+07:00
792,000232003002000,1600000.00,2026-01-31,,2026-05-26 16:47:27.716285+07:00
793,1000310050080000,1600000.00,2026-01-31,,2026-05-26 16:47:27.716285+07:00
794,000122002019000,1050000.00,2026-01-31,,2026-05-26 16:47:27.716285+07:00
795,000231002023000,1500000.00,2026-01-31,,2026-05-26 16:47:27.716285+07:00
796,000231002002000,1500000.00,2026-01-31,,2026-05-26 16:47:27.716285+07:00
797,000225002004000,1200000.00,2026-01-31,,2026-05-26 16:47:27.716285+07:00
798,000225002002000,2490741.00,2026-01-31,,2026-05-26 16:47:27.716285+07:00
799,1040010000080000,1935185.00,2026-02-01,,2026-05-26 16:47:27.716285+07:00
800,000217002001000,2268519.00,2026-02-02,,2026-05-26 16:47:27.716285+07:00
801,000413002001000,4157407.00,2026-02-03,,2026-05-26 16:47:27.716285+07:00
802,1010030010130000,9157407.41,2026-02-03,,2026-05-26 16:47:27.716285+07:00
803,000225002023000,2490740.70,2026-02-03,,2026-05-26 16:47:27.716285+07:00
804,000230002013000,1799444.00,2026-02-04,,2026-05-26 16:47:27.716285+07:00
805,000117002023000,943888.00,2026-02-04,,2026-05-26 16:47:27.716285+07:00
806,000232003002000,2233333.00,2026-02-04,,2026-05-26 16:47:27.716285+07:00
807,000230002023000,1799444.00,2026-02-04,,2026-05-26 16:47:27.716285+07:00
808,000226003023000,1683333.00,2026-02-04,,2026-05-26 16:47:27.716285+07:00
809,000231002002000,2172222.00,2026-02-04,,2026-05-26 16:47:27.716285+07:00
810,000132002022001,1310555.00,2026-02-04,,2026-05-26 16:47:27.716285+07:00
811,000216003008000,1530555.00,2026-02-04,,2026-05-26 16:47:27.716285+07:00
812,000216003001000,1530555.00,2026-02-04,,2026-05-26 16:47:27.716285+07:00
813,000231002023000,2172222.00,2026-02-04,,2026-05-26 16:47:27.716285+07:00
814,000132002001001,1310555.00,2026-02-04,,2026-05-26 16:47:27.716285+07:00
815,000225002023000,1616111.00,2026-02-04,,2026-05-26 16:47:27.716285+07:00
816,000224002015000,1555000.00,2026-02-04,,2026-05-26 16:47:27.716285+07:00
817,000208002003000,1408333.00,2026-02-04,,2026-05-26 16:47:27.716285+07:00
818,000224002024000,1555000.00,2026-02-04,,2026-05-26 16:47:27.716285+07:00
819,000208002007000,1408333.00,2026-02-04,,2026-05-26 16:47:27.716285+07:00
820,000208002023000,1408333.00,2026-02-04,,2026-05-26 16:47:27.716285+07:00
821,000230002009000,1799444.00,2026-02-04,,2026-05-26 16:47:27.716285+07:00
822,000224002026000,1555000.00,2026-02-04,,2026-05-26 16:47:27.716285+07:00
823,000224002009000,1555000.00,2026-02-04,,2026-05-26 16:47:27.716285+07:00
824,000224002023000,1555000.00,2026-02-04,,2026-05-26 16:47:27.716285+07:00
825,000106002013000,1262037.00,2026-02-04,,2026-05-26 16:47:27.716285+07:00
826,1000240020090000,943888.00,2026-02-04,,2026-05-26 16:47:27.716285+07:00
827,1000230020090000,882777.00,2026-02-04,,2026-05-26 16:47:27.716285+07:00
828,000106002004000,1262037.00,2026-02-04,,2026-05-26 16:47:27.716285+07:00
829,000106002001000,1262037.00,2026-02-04,,2026-05-26 16:47:27.716285+07:00
830,000225002002000,1616111.00,2026-02-04,,2026-05-26 16:47:27.716285+07:00
831,000224002002000,1555000.00,2026-02-04,,2026-05-26 16:47:27.716285+07:00
832,000336002022000,1377777.00,2026-02-04,,2026-05-26 16:47:27.716285+07:00
833,000125002013000,1310555.00,2026-02-04,,2026-05-26 16:47:27.716285+07:00
834,000125002009000,1310555.00,2026-02-04,,2026-05-26 16:47:27.716285+07:00
835,1000250020220000,943888.00,2026-02-04,,2026-05-26 16:47:27.716285+07:00
836,1000250020050000,943888.00,2026-02-04,,2026-05-26 16:47:27.716285+07:00
837,1000270020220000,943888.00,2026-02-04,,2026-05-26 16:47:27.716285+07:00
838,000217003001000,1591666.00,2026-02-04,,2026-05-26 16:47:27.716285+07:00
839,000331002001000,1799444.00,2026-02-04,,2026-05-26 16:47:27.716285+07:00
840,000225002025000,1616111.00,2026-02-04,,2026-05-26 16:47:27.716285+07:00
841,1000270020150000,943888.00,2026-02-04,,2026-05-26 16:47:27.716285+07:00
842,000124002009000,1493888.00,2026-02-04,,2026-05-26 16:47:27.716285+07:00
843,000125002023000,1310555.00,2026-02-04,,2026-05-26 16:47:27.716285+07:00
844,000217003008000,1591666.00,2026-02-04,,2026-05-26 16:47:27.716285+07:00
845,000331002008000,1799444.00,2026-02-04,,2026-05-26 16:47:27.716285+07:00
846,1000220020090000,943888.00,2026-02-04,,2026-05-26 16:47:27.716285+07:00
847,000232003008000,2233333.00,2026-02-04,,2026-05-26 16:47:27.716285+07:00
848,1000320050010000,2960555.00,2026-02-04,,2026-05-26 16:47:27.716285+07:00
849,1000320050020000,2960555.00,2026-02-04,,2026-05-26 16:47:27.716285+07:00
850,000207004000000,1530555.00,2026-02-04,,2026-05-26 16:47:27.716285+07:00
851,000217002001000,1469444.00,2026-02-04,,2026-05-26 16:47:27.716285+07:00
852,000214004000000,1530555.00,2026-02-04,,2026-05-26 16:47:27.716285+07:00
853,000230002002000,1799444.00,2026-02-04,,2026-05-26 16:47:27.716285+07:00
854,000331002004000,1799444.00,2026-02-04,,2026-05-26 16:47:27.716285+07:00
855,1000260020220000,882777.00,2026-02-04,,2026-05-26 16:47:27.716285+07:00
856,000132002003001,1310555.00,2026-02-04,,2026-05-26 16:47:27.716285+07:00
857,000334002001000,1652777.00,2026-02-04,,2026-05-26 16:47:27.716285+07:00
858,000225002015000,1616111.00,2026-02-04,,2026-05-26 16:47:27.716285+07:00
859,1000400050080010,2960555.00,2026-02-04,,2026-05-26 16:47:27.716285+07:00
860,1000400050020000,2960555.00,2026-02-04,,2026-05-26 16:47:27.716285+07:00
861,1000400050010000,2960555.00,2026-02-04,,2026-05-26 16:47:27.716285+07:00
862,000217002007000,1469444.00,2026-02-04,,2026-05-26 16:47:27.716285+07:00
863,000217002003000,1469444.00,2026-02-04,,2026-05-26 16:47:27.716285+07:00
864,000331002022000,1799444.00,2026-02-04,,2026-05-26 16:47:27.716285+07:00
865,000230002014000,1799444.00,2026-02-04,,2026-05-26 16:47:27.716285+07:00
866,000225002004000,1616111.00,2026-02-04,,2026-05-26 16:47:27.716285+07:00
867,000219002012000,1744444.00,2026-02-04,,2026-05-26 16:47:27.716285+07:00
868,000333002022002,2294444.00,2026-02-04,,2026-05-26 16:47:27.716285+07:00
869,000103002025000,1262037.00,2026-02-04,,2026-05-26 16:47:27.716285+07:00
870,000103002023000,1262037.00,2026-02-04,,2026-05-26 16:47:27.716285+07:00
871,000225002009000,1616111.00,2026-02-04,,2026-05-26 16:47:27.716285+07:00
872,000225002024000,1616111.00,2026-02-04,,2026-05-26 16:47:27.716285+07:00
873,000226003002000,1683333.00,2026-02-04,,2026-05-26 16:47:27.716285+07:00
874,000226003015000,1683333.00,2026-02-04,,2026-05-26 16:47:27.716285+07:00
875,1040010000080000,1326851.00,2026-02-04,,2026-05-26 16:47:27.716285+07:00
876,1030010000080000,1262037.00,2026-02-04,,2026-05-26 16:47:27.716285+07:00
877,1060010000200000,1326851.00,2026-02-04,,2026-05-26 16:47:27.716285+07:00
878,1050010000200000,1262037.00,2026-02-04,,2026-05-26 16:47:27.716285+07:00
879,000217003005000,1591666.00,2026-02-04,,2026-05-26 16:47:27.716285+07:00
880,000216003005000,1530555.00,2026-02-04,,2026-05-26 16:47:27.716285+07:00
881,100029005010000,2960555.00,2026-02-04,,2026-05-26 16:47:27.716285+07:00
882,000333002008000,2294444.00,2026-02-04,,2026-05-26 16:47:27.716285+07:00
883,1000320010090000,1521296.00,2026-02-04,,2026-05-26 16:47:27.716285+07:00
884,1000320010040000,1521296.00,2026-02-04,,2026-05-26 16:47:27.716285+07:00
885,000219002022000,1744444.00,2026-02-04,,2026-05-26 16:47:27.716285+07:00
886,100029005220000,2960555.00,2026-02-04,,2026-05-26 16:47:27.716285+07:00
887,1000220020220000,943888.00,2026-02-04,,2026-05-26 16:47:27.716285+07:00
888,000122002024000,1310555.00,2026-02-04,,2026-05-26 16:47:27.716285+07:00
889,1000240020220000,943888.00,2026-02-04,,2026-05-26 16:47:27.716285+07:00
890,000401002016000,1530555.00,2026-02-04,,2026-05-26 16:47:27.716285+07:00
891,000224002004000,1555000.00,2026-02-04,,2026-05-26 16:47:27.716285+07:00
892,000104002020000,500000.00,2026-02-04,,2026-05-26 16:47:27.716285+07:00
893,000103002009000,1262037.00,2026-02-04,,2026-05-26 16:47:27.716285+07:00
894,000335002004000,2105000.00,2026-02-04,,2026-05-26 16:47:27.716285+07:00
895,000335002001000,2105000.00,2026-02-04,,2026-05-26 16:47:27.716285+07:00
896,100029005090000,2960555.00,2026-02-04,,2026-05-26 16:47:27.716285+07:00
897,000131002019002,1169907.00,2026-02-04,,2026-05-26 16:47:27.716285+07:00
898,1000210020090000,882777.00,2026-02-04,,2026-05-26 16:47:27.716285+07:00
899,000407002010000,4240741.00,2026-02-04,,2026-05-26 16:47:27.716285+07:00
900,000419002015000,4240741.00,2026-02-04,,2026-05-26 16:47:27.716285+07:00
901,1060010000200000,1935185.00,2026-02-04,,2026-05-26 16:47:27.716285+07:00
902,000131002004005,1169907.00,2026-02-04,,2026-05-26 16:47:27.716285+07:00
903,000231002002000,3000000.00,2026-02-04,,2026-05-26 16:47:27.716285+07:00
904,000231002023000,3000000.00,2026-02-04,,2026-05-26 16:47:27.716285+07:00
905,000333002008000,3166666.60,2026-02-04,,2026-05-26 16:47:27.716285+07:00
906,000333002022002,3166666.60,2026-02-04,,2026-05-26 16:47:27.716285+07:00
907,000226003023000,2592593.00,2026-02-04,,2026-05-26 16:47:27.716285+07:00
908,000337002001000,1622222.00,2026-02-04,,2026-05-26 16:47:27.716285+07:00
909,000337002022000,1622222.00,2026-02-04,,2026-05-26 16:47:27.716285+07:00
910,000209002007000,1469444.00,2026-02-04,,2026-05-26 16:47:27.716285+07:00
911,000215004000000,1591666.00,2026-02-04,,2026-05-26 16:47:27.716285+07:00
912,000337002008000,1230000.00,2026-02-04,,2026-05-26 16:47:27.716285+07:00
913,000225002024000,1200000.00,2026-02-04,,2026-05-26 16:47:27.716285+07:00
914,000225002023000,1200000.00,2026-02-04,,2026-05-26 16:47:27.716285+07:00
915,000102002009000,1132407.00,2026-02-04,,2026-05-26 16:47:27.716285+07:00
916,000209002025000,1469444.00,2026-02-04,,2026-05-26 16:47:27.716285+07:00
917,000226003014000,1683333.00,2026-02-05,,2026-05-26 16:47:27.716285+07:00
918,1010130010220000,9618055.00,2026-02-05,,2026-05-26 16:47:27.716285+07:00
919,000216002001000,1408333.00,2026-02-05,,2026-05-26 16:47:27.716285+07:00
920,000335002004000,1350000.00,2026-02-05,,2026-05-26 16:47:27.716285+07:00
921,000335002013000,2105000.00,2026-02-05,,2026-05-26 16:47:27.716285+07:00
922,000336002001000,1377777.00,2026-02-05,,2026-05-26 16:47:27.716285+07:00
923,000105002013000,1132407.00,2026-02-05,,2026-05-26 16:47:27.716285+07:00
924,000105002004000,1132407.00,2026-02-05,,2026-05-26 16:47:27.716285+07:00
925,000122002009001,1310555.00,2026-02-05,,2026-05-26 16:47:27.716285+07:00
926,1010030010130000,6840277.00,2026-02-05,,2026-05-26 16:47:27.716285+07:00
927,000232003009000,2233333.00,2026-02-05,,2026-05-26 16:47:27.716285+07:00
928,000413002001000,2716111.00,2026-02-05,,2026-05-26 16:47:27.716285+07:00
929,100029005080000,2960555.00,2026-02-05,,2026-05-26 16:47:27.716285+07:00
930,1000400050200000,2960555.00,2026-02-05,,2026-05-26 16:47:27.716285+07:00
931,000124002004000,1493888.00,2026-02-06,,2026-05-26 16:47:27.716285+07:00
932,000102002023000,1132407.00,2026-02-06,,2026-05-26 16:47:27.716285+07:00
933,000104002009000,1236111.00,2026-02-06,,2026-05-26 16:47:27.716285+07:00
934,000104002020000,1236111.00,2026-02-06,,2026-05-26 16:47:27.716285+07:00
935,000331002004000,2768519.00,2026-02-06,,2026-05-26 16:47:27.716285+07:00
936,000216002007000,1523148.14,2026-02-06,,2026-05-26 16:47:27.716285+07:00
937,1000310050080000,2960555.00,2026-02-06,,2026-05-26 16:47:27.716285+07:00
938,000217002007001,1666666.70,2026-02-06,,2026-05-26 16:47:27.716285+07:00
939,000209002025000,2268518.50,2026-02-06,,2026-05-26 16:47:27.716285+07:00
940,000122002009000,1310555.00,2026-02-07,,2026-05-26 16:47:27.716285+07:00
941,000125002002000,1310555.00,2026-02-07,,2026-05-26 16:47:27.716285+07:00
942,000131002001002,1169907.00,2026-02-07,,2026-05-26 16:47:27.716285+07:00
943,000131002008001,1169907.00,2026-02-07,,2026-05-26 16:47:27.716285+07:00
944,000217004008000,3231481.00,2026-02-07,,2026-05-26 16:47:27.716285+07:00
945,000413002022000,2716111.00,2026-02-07,,2026-05-26 16:47:27.716285+07:00
946,000219002023000,1744444.00,2026-02-07,,2026-05-26 16:47:27.716285+07:00
947,000216002007000,1631944.40,2026-02-07,,2026-05-26 16:47:27.716285+07:00
948,000208002007000,1631944.40,2026-02-07,,2026-05-26 16:47:27.716285+07:00
949,000337002008000,1622222.00,2026-02-07,,2026-05-26 16:47:27.716285+07:00
950,000218002007000,1530555.00,2026-02-07,,2026-05-26 16:47:27.716285+07:00
951,000334002013000,1652777.00,2026-02-07,,2026-05-26 16:47:27.716285+07:00
952,000334002004000,1652777.00,2026-02-07,,2026-05-26 16:47:27.716285+07:00
953,1010130010050000,9618055.00,2026-02-07,,2026-05-26 16:47:27.716285+07:00
954,000116002023000,943888.00,2026-02-09,,2026-05-26 16:47:27.716285+07:00
955,000216002007000,1408333.00,2026-02-09,,2026-05-26 16:47:27.716285+07:00
956,000333002001002,2294444.00,2026-02-09,,2026-05-26 16:47:27.716285+07:00
957,000122002019000,1561389.00,2026-02-09,,2026-05-26 16:47:27.716285+07:00
958,000122002024000,1561389.00,2026-02-09,,2026-05-26 16:47:27.716285+07:00
959,000226003002000,1996296.00,2026-02-09,,2026-05-26 16:47:27.716285+07:00
960,000122002022000,1310555.00,2026-02-09,,2026-05-26 16:47:27.716285+07:00
961,000226003014000,1996296.00,2026-02-09,,2026-05-26 16:47:27.716285+07:00
962,1030010000080000,1418796.00,2026-02-09,,2026-05-26 16:47:27.716285+07:00
963,000224002026000,1846574.00,2026-02-09,,2026-05-26 16:47:27.716285+07:00
964,000224002024000,1846574.00,2026-02-09,,2026-05-26 16:47:27.716285+07:00
965,000224002015000,1846574.00,2026-02-09,,2026-05-26 16:47:27.716285+07:00
966,1000270020150000,1133611.00,2026-02-09,,2026-05-26 16:47:27.716285+07:00
967,1000400050080000,2960555.00,2026-02-09,,2026-05-26 16:47:27.716285+07:00
968,000224002026000,2222222.20,2026-02-09,,2026-05-26 16:47:27.716285+07:00
969,000122002019000,1310555.00,2026-02-10,,2026-05-26 16:47:27.716285+07:00
970,000401002016002,1530555.00,2026-02-10,,2026-05-26 16:47:27.716285+07:00
971,000336002004000,1377777.00,2026-02-10,,2026-05-26 16:47:27.716285+07:00
972,000132002022001,1561389.00,2026-02-10,,2026-05-26 16:47:27.716285+07:00
973,000132002003001,1561389.00,2026-02-10,,2026-05-26 16:47:27.716285+07:00
974,000132002001001,1561389.00,2026-02-10,,2026-05-26 16:47:27.716285+07:00
975,000218002001000,1530555.00,2026-02-10,,2026-05-26 16:47:27.716285+07:00
976,1000270020220000,1133611.00,2026-02-10,,2026-05-26 16:47:27.716285+07:00
977,000226003015000,1996296.00,2026-02-10,,2026-05-26 16:47:27.716285+07:00
978,1000320050200000,2960555.00,2026-02-10,,2026-05-26 16:47:27.716285+07:00
979,1010030010260000,6840277.00,2026-02-10,,2026-05-26 16:47:27.716285+07:00
980,1010030010220000,6840277.00,2026-02-10,,2026-05-26 16:47:27.716285+07:00
981,000216002003000,1408333.00,2026-02-10,,2026-05-26 16:47:27.716285+07:00
982,000224002002000,2398148.00,2026-02-11,,2026-05-26 16:47:27.716285+07:00
983,000218002007000,2037037.00,2026-02-11,,2026-05-26 16:47:27.716285+07:00
984,000225002025000,2166666.60,2026-02-11,,2026-05-26 16:47:27.716285+07:00
985,000401002016000,2037037.00,2026-02-11,,2026-05-26 16:47:27.716285+07:00
986,000225002015000,2166666.60,2026-02-11,,2026-05-26 16:47:27.716285+07:00
987,1000300050010000,4527778.00,2026-02-11,,2026-05-26 16:47:27.716285+07:00
988,1000400050090000,2960555.00,2026-02-12,,2026-05-26 16:47:27.716285+07:00
989,000218002003000,1530555.00,2026-02-12,,2026-05-26 16:47:27.716285+07:00
990,000102002023000,470000.00,2026-02-12,,2026-05-26 16:47:27.716285+07:00
991,000324000180000,2393888.00,2026-02-12,,2026-05-26 16:47:27.716285+07:00
992,000324000040000,2393888.00,2026-02-12,,2026-05-26 16:47:27.716285+07:00
993,000209002003000,1469444.00,2026-02-13,,2026-05-26 16:47:27.716285+07:00
994,000233003022001,2355555.00,2026-02-13,,2026-05-26 16:47:27.716285+07:00
995,000324000100000,2393888.00,2026-02-13,,2026-05-26 16:47:27.716285+07:00
996,000333002001002,2150000.00,2026-02-23,,2026-05-26 16:47:27.716285+07:00
997,000233003022001,2150000.00,2026-02-23,,2026-05-26 16:47:27.716285+07:00
998,000125002009000,1851851.90,2026-02-23,,2026-05-26 16:47:27.716285+07:00
999,000125002013000,1851851.90,2026-02-23,,2026-05-26 16:47:27.716285+07:00
1000,000337002001000,2222222.00,2026-02-23,,2026-05-26 16:47:27.716285+07:00
1001,000125002023000,1851851.90,2026-02-23,,2026-05-26 16:47:27.716285+07:00
1002,000131002001002,1842593.00,2026-02-24,,2026-05-26 16:47:27.716285+07:00
1003,1000240020090000,1472222.00,2026-02-24,,2026-05-26 16:47:27.716285+07:00
1004,1000260020220000,1062314.80,2026-02-24,,2026-05-26 16:47:27.716285+07:00
1005,1000270020150000,1133611.10,2026-02-24,,2026-05-26 16:47:27.716285+07:00
1006,1000220020220000,1133611.10,2026-02-24,,2026-05-26 16:47:27.716285+07:00
1007,000125002009000,1561388.90,2026-02-24,,2026-05-26 16:47:27.716285+07:00
1008,000333002001002,1500000.00,2026-02-25,,2026-05-26 16:47:27.716285+07:00
1009,000225002009000,1917870.00,2026-02-26,,2026-05-26 16:47:27.716285+07:00
1010,000215004000000,2453704.00,2026-02-28,,2026-05-26 16:47:27.716285+07:00
1011,000125002009000,2027778.00,2026-02-28,,2026-05-26 16:47:27.716285+07:00
1012,1030010000080000,1842593.00,2026-02-28,,2026-05-26 16:47:27.716285+07:00
1013,000336002004000,2129630.00,2026-02-28,,2026-05-26 16:47:27.716285+07:00
1014,000230002023000,2768519.00,2026-02-28,,2026-05-26 16:47:27.716285+07:00
1015,000219002023000,2685185.00,2026-02-28,,2026-05-26 16:47:27.716285+07:00
1016,000232003008000,3425926.00,2026-02-28,,2026-05-26 16:47:27.716285+07:00
